[     117ms] [LOG] [Fast Refresh] rebuilding @ http://localhost:3000/_next/static/chunks/node_modules_next_dist_115brz8._.js:2431
[     149ms] [LOG] [Fast Refresh] done in 137ms @ http://localhost:3000/_next/static/chunks/node_modules_next_dist_115brz8._.js:2431
[    1010ms] [INFO] %cDownload the React DevTools for a better development experience: https://react.dev/link/react-devtools font-weight:bold @ http://localhost:3000/_next/static/chunks/node_modules_next_dist_115brz8._.js:2431
[    1501ms] [LOG] [HMR] connected @ http://localhost:3000/_next/static/chunks/node_modules_next_dist_115brz8._.js:2431
[   34924ms] [WARNING] The resource http://localhost:3000/_next/static/media/a10c617c9026098c-s.p.0nz5b083iggxh.woff2 was preloaded using link preload but not used within a few seconds from the window's load event. Please make sure it has an appropriate `as` value and it is preloaded intentionally. @ http://localhost:3000/login:0
[   34939ms] [WARNING] The resource http://localhost:3000/_next/static/media/a079e02bba5bf7ab-s.p.0.s85e2kacc1m.woff2 was preloaded using link preload but not used within a few seconds from the window's load event. Please make sure it has an appropriate `as` value and it is preloaded intentionally. @ http://localhost:3000/login:0
[   34939ms] [WARNING] The resource http://localhost:3000/_next/static/media/278cbb97e75e04e2-s.p.0.yvvm36aa76d.woff2 was preloaded using link preload but not used within a few seconds from the window's load event. Please make sure it has an appropriate `as` value and it is preloaded intentionally. @ http://localhost:3000/login:0
[   34939ms] [WARNING] The resource http://localhost:3000/_next/static/media/0acc7fdf55eb3220-s.p.12o-f1.6qra-s.woff2 was preloaded using link preload but not used within a few seconds from the window's load event. Please make sure it has an appropriate `as` value and it is preloaded intentionally. @ http://localhost:3000/login:0
[   34940ms] [WARNING] The resource http://localhost:3000/_next/static/media/3206eb66b875a5b3-s.p.0newl065t398d.woff2 was preloaded using link preload but not used within a few seconds from the window's load event. Please make sure it has an appropriate `as` value and it is preloaded intentionally. @ http://localhost:3000/login:0
[   34940ms] [WARNING] The resource http://localhost:3000/_next/static/media/d23f31b94ad01e54-s.p.091biwio0g5wn.woff2 was preloaded using link preload but not used within a few seconds from the window's load event. Please make sure it has an appropriate `as` value and it is preloaded intentionally. @ http://localhost:3000/login:0
[   62203ms] [LOG] [Fast Refresh] rebuilding @ http://localhost:3000/_next/static/chunks/node_modules_next_dist_115brz8._.js:2431
[   62975ms] [LOG] [Fast Refresh] done in 876ms @ http://localhost:3000/_next/static/chunks/node_modules_next_dist_115brz8._.js:2431
[   64118ms] [INFO] %cDownload the React DevTools for a better development experience: https://react.dev/link/react-devtools font-weight:bold @ http://localhost:3000/_next/static/chunks/node_modules_next_dist_115brz8._.js:2431
[   64339ms] [LOG] [HMR] connected @ http://localhost:3000/_next/static/chunks/node_modules_next_dist_115brz8._.js:2431
[  250946ms] [LOG] [Fast Refresh] rebuilding @ http://localhost:3000/_next/static/chunks/node_modules_next_dist_115brz8._.js:2431
[  253467ms] [LOG] [Fast Refresh] done in 2622ms @ http://localhost:3000/_next/static/chunks/node_modules_next_dist_115brz8._.js:2431
[  255560ms] [INFO] %cDownload the React DevTools for a better development experience: https://react.dev/link/react-devtools font-weight:bold @ http://localhost:3000/_next/static/chunks/node_modules_next_dist_115brz8._.js:2431
[  258826ms] [LOG] [HMR] connected @ http://localhost:3000/_next/static/chunks/node_modules_next_dist_115brz8._.js:2431
[  261241ms] [ERROR] Failed to load resource: net::ERR_NAME_NOT_RESOLVED @ https://placeholder.supabase.co/rest/v1/courts?select=*&owner_id=eq.demo-arena&status=eq.ativa:0
[  262429ms] [ERROR] Failed to load resource: net::ERR_NAME_NOT_RESOLVED @ https://placeholder.supabase.co/rest/v1/courts?select=*&owner_id=eq.demo-arena&status=eq.ativa:0
[  264614ms] [ERROR] Failed to load resource: net::ERR_NAME_NOT_RESOLVED @ https://placeholder.supabase.co/rest/v1/courts?select=*&owner_id=eq.demo-arena&status=eq.ativa:0
[  268724ms] [ERROR] Failed to load resource: net::ERR_NAME_NOT_RESOLVED @ https://placeholder.supabase.co/rest/v1/courts?select=*&owner_id=eq.demo-arena&status=eq.ativa:0
[  433988ms] [LOG] [Fast Refresh] rebuilding @ http://localhost:3000/_next/static/chunks/node_modules_next_dist_115brz8._.js:2431
[  434678ms] [LOG] [Fast Refresh] done in 798ms @ http://localhost:3000/_next/static/chunks/node_modules_next_dist_115brz8._.js:2431
[  434801ms] [LOG] [Fast Refresh] rebuilding @ http://localhost:3000/_next/static/chunks/node_modules_next_dist_115brz8._.js:2431
[  435546ms] [LOG] [Fast Refresh] done in 853ms @ http://localhost:3000/_next/static/chunks/node_modules_next_dist_115brz8._.js:2431
[  436632ms] [INFO] %cDownload the React DevTools for a better development experience: https://react.dev/link/react-devtools font-weight:bold @ http://localhost:3000/_next/static/chunks/node_modules_next_dist_115brz8._.js:2431
[  439349ms] [LOG] [HMR] connected @ http://localhost:3000/_next/static/chunks/node_modules_next_dist_115brz8._.js:2431
[  440016ms] [LOG] [Fast Refresh] rebuilding @ http://localhost:3000/_next/static/chunks/node_modules_next_dist_115brz8._.js:2431
[  440043ms] [LOG] [Fast Refresh] done in 132ms @ http://localhost:3000/_next/static/chunks/node_modules_next_dist_115brz8._.js:2431
[  440365ms] [WARNING] Detected `scroll-behavior: smooth` on the `<html>` element. To disable smooth scrolling during route transitions, add `data-scroll-behavior="smooth"` to your <html> element. Learn more: https://nextjs.org/docs/messages/missing-data-scroll-behavior @ http://localhost:3000/_next/static/chunks/node_modules_next_dist_115brz8._.js:2431
[  441222ms] [LOG] [Fast Refresh] rebuilding @ http://localhost:3000/_next/static/chunks/node_modules_next_dist_115brz8._.js:2431
[  441432ms] [LOG] [Fast Refresh] done in 358ms @ http://localhost:3000/_next/static/chunks/node_modules_next_dist_115brz8._.js:2431
[ 3247748ms] [LOG] [Fast Refresh] rebuilding @ http://localhost:3000/_next/static/chunks/node_modules_next_dist_115brz8._.js:2431
[ 3247972ms] [LOG] [Fast Refresh] done in 333ms @ http://localhost:3000/_next/static/chunks/node_modules_next_dist_115brz8._.js:2431
[ 3323418ms] [LOG] [Fast Refresh] rebuilding @ http://localhost:3000/_next/static/chunks/node_modules_next_dist_115brz8._.js:2431
[ 3323420ms] [LOG] [Fast Refresh] done in 105ms @ http://localhost:3000/_next/static/chunks/node_modules_next_dist_115brz8._.js:2431
[ 3323526ms] [LOG] [Fast Refresh] rebuilding @ http://localhost:3000/_next/static/chunks/node_modules_next_dist_115brz8._.js:2431
[ 3323959ms] [WARNING] [Fast Refresh] performing full reload

Fast Refresh will perform a full reload when you edit a file that's imported by modules outside of the React rendering tree.
You might have a file which exports a React component but also exports a value that is imported by a non-React component file.
Consider migrating the non-React component export to a separate file and importing it into both files.

It is also possible the parent component of the component you edited is a class component, which disables Fast Refresh.
Fast Refresh requires at least one parent function component in your React tree. @ http://localhost:3000/_next/static/chunks/node_modules_next_dist_115brz8._.js:2431
[ 3323971ms] [LOG] [Fast Refresh] done in 535ms @ http://localhost:3000/_next/static/chunks/node_modules_next_dist_115brz8._.js:2431
[ 3324104ms] [LOG] [Fast Refresh] rebuilding @ http://localhost:3000/_next/static/chunks/node_modules_next_dist_115brz8._.js:2431
[ 3324429ms] [LOG] [Fast Refresh] done in 436ms @ http://localhost:3000/_next/static/chunks/node_modules_next_dist_115brz8._.js:2431
[ 3324563ms] [LOG] [Fast Refresh] rebuilding @ http://localhost:3000/_next/static/chunks/node_modules_next_dist_115brz8._.js:2431
[ 3325014ms] [LOG] [Fast Refresh] done in 552ms @ http://localhost:3000/_next/static/chunks/node_modules_next_dist_115brz8._.js:2431
[ 3325755ms] [INFO] %cDownload the React DevTools for a better development experience: https://react.dev/link/react-devtools font-weight:bold @ http://localhost:3000/_next/static/chunks/node_modules_next_dist_115brz8._.js:2431
[ 3326000ms] [LOG] [HMR] connected @ http://localhost:3000/_next/static/chunks/node_modules_next_dist_115brz8._.js:2431
[ 3524123ms] [ERROR] WebSocket connection to 'ws://localhost:3000/_next/webpack-hmr?id=ePHSJXwwus6D9-Is6oGCC' failed:  @ http://localhost:3000/_next/static/chunks/node_modules_next_dist_client_0fhqo1d._.js:13299
[ 3527488ms] [ERROR] WebSocket connection to 'ws://localhost:3000/_next/webpack-hmr?id=ePHSJXwwus6D9-Is6oGCC' failed:  @ http://localhost:3000/_next/static/chunks/node_modules_next_dist_client_0fhqo1d._.js:13299
[ 3530849ms] [ERROR] WebSocket connection to 'ws://localhost:3000/_next/webpack-hmr?id=ePHSJXwwus6D9-Is6oGCC' failed:  @ http://localhost:3000/_next/static/chunks/node_modules_next_dist_client_0fhqo1d._.js:13299
[ 3534218ms] [ERROR] WebSocket connection to 'ws://localhost:3000/_next/webpack-hmr?id=ePHSJXwwus6D9-Is6oGCC' failed:  @ http://localhost:3000/_next/static/chunks/node_modules_next_dist_client_0fhqo1d._.js:13299
[ 3538934ms] [LOG] [HMR] connected @ http://localhost:3000/_next/static/chunks/node_modules_next_dist_115brz8._.js:2431
[ 3542090ms] [INFO] %cDownload the React DevTools for a better development experience: https://react.dev/link/react-devtools font-weight:bold @ http://localhost:3000/_next/static/chunks/node_modules_next_dist_115brz8._.js:2431
[ 3542359ms] [LOG] [HMR] connected @ http://localhost:3000/_next/static/chunks/node_modules_next_dist_115brz8._.js:2431
[ 3564362ms] [LOG] [Fast Refresh] rebuilding @ http://localhost:3000/_next/static/chunks/node_modules_next_dist_115brz8._.js:2431
[ 3564403ms] [LOG] [Fast Refresh] done in 149ms @ http://localhost:3000/_next/static/chunks/node_modules_next_dist_115brz8._.js:2431
[ 3565347ms] [INFO] %cDownload the React DevTools for a better development experience: https://react.dev/link/react-devtools font-weight:bold @ http://localhost:3000/_next/static/chunks/node_modules_next_dist_115brz8._.js:2431
[ 3565456ms] [LOG] [HMR] connected @ http://localhost:3000/_next/static/chunks/node_modules_next_dist_115brz8._.js:2431
[ 3582311ms] [LOG] [Fast Refresh] rebuilding @ http://localhost:3000/_next/static/chunks/node_modules_next_dist_115brz8._.js:2431
[ 3584203ms] [LOG] [Fast Refresh] done in 1997ms @ http://localhost:3000/_next/static/chunks/node_modules_next_dist_115brz8._.js:2431
[ 3584368ms] [LOG] [Fast Refresh] rebuilding @ http://localhost:3000/_next/static/chunks/node_modules_next_dist_115brz8._.js:2431
[ 3584403ms] [LOG] [Fast Refresh] done in 146ms @ http://localhost:3000/_next/static/chunks/node_modules_next_dist_115brz8._.js:2431
[ 3584467ms] [WARNING] Detected `scroll-behavior: smooth` on the `<html>` element. To disable smooth scrolling during route transitions, add `data-scroll-behavior="smooth"` to your <html> element. Learn more: https://nextjs.org/docs/messages/missing-data-scroll-behavior @ http://localhost:3000/_next/static/chunks/node_modules_next_dist_115brz8._.js:2431
[ 3606793ms] [LOG] [Fast Refresh] rebuilding @ http://localhost:3000/_next/static/chunks/node_modules_next_dist_115brz8._.js:2431
[ 3607806ms] [LOG] [Fast Refresh] done in 1116ms @ http://localhost:3000/_next/static/chunks/node_modules_next_dist_115brz8._.js:2431
[ 3608507ms] [INFO] %cDownload the React DevTools for a better development experience: https://react.dev/link/react-devtools font-weight:bold @ http://localhost:3000/_next/static/chunks/node_modules_next_dist_115brz8._.js:2431
[ 3609152ms] [LOG] [HMR] connected @ http://localhost:3000/_next/static/chunks/node_modules_next_dist_115brz8._.js:2431
[ 3618481ms] [LOG] [Fast Refresh] rebuilding @ http://localhost:3000/_next/static/chunks/node_modules_next_dist_115brz8._.js:2431
[ 3622545ms] [LOG] [Fast Refresh] done in 4173ms @ http://localhost:3000/_next/static/chunks/node_modules_next_dist_115brz8._.js:2431
[ 3624421ms] [INFO] %cDownload the React DevTools for a better development experience: https://react.dev/link/react-devtools font-weight:bold @ http://localhost:3000/_next/static/chunks/node_modules_next_dist_115brz8._.js:2431
[ 3626732ms] [LOG] [HMR] connected @ http://localhost:3000/_next/static/chunks/node_modules_next_dist_115brz8._.js:2431
[ 3638258ms] [LOG] [Fast Refresh] rebuilding @ http://localhost:3000/_next/static/chunks/node_modules_next_dist_115brz8._.js:2431
[ 3639237ms] [LOG] [Fast Refresh] done in 1093ms @ http://localhost:3000/_next/static/chunks/node_modules_next_dist_115brz8._.js:2431
[ 3639416ms] [INFO] %cDownload the React DevTools for a better development experience: https://react.dev/link/react-devtools font-weight:bold @ http://localhost:3000/_next/static/chunks/node_modules_next_dist_115brz8._.js:2431
[ 3639543ms] [LOG] [HMR] connected @ http://localhost:3000/_next/static/chunks/node_modules_next_dist_115brz8._.js:2431
[14922383ms] [LOG] [Fast Refresh] rebuilding @ http://localhost:3000/_next/static/chunks/node_modules_next_dist_115brz8._.js:2431
[14923206ms] [LOG] [Fast Refresh] done in 927ms @ http://localhost:3000/_next/static/chunks/node_modules_next_dist_115brz8._.js:2431
[14923345ms] [WARNING] Detected `scroll-behavior: smooth` on the `<html>` element. To disable smooth scrolling during route transitions, add `data-scroll-behavior="smooth"` to your <html> element. Learn more: https://nextjs.org/docs/messages/missing-data-scroll-behavior @ http://localhost:3000/_next/static/chunks/node_modules_next_dist_115brz8._.js:2431
[51879591ms] [ERROR] Failed to load resource: net::ERR_INTERNET_DISCONNECTED @ https://midvxgfzwwivxhwhhbak.supabase.co/auth/v1/token?grant_type=refresh_token:0
[51879609ms] [ERROR] TypeError: Failed to fetch
    at push.resolveFetch (http://localhost:3000/_next/static/chunks/node_modules_%40supabase_auth-js_dist_module_0.pzobh._.js:618:23)
    at _handleRequest (http://localhost:3000/_next/static/chunks/node_modules_%40supabase_auth-js_dist_module_0.pzobh._.js:1000:24)
    at _request (http://localhost:3000/_next/static/chunks/node_modules_%40supabase_auth-js_dist_module_0.pzobh._.js:987:24)
    at http://localhost:3000/_next/static/chunks/node_modules_%40supabase_auth-js_dist_module_0.pzobh._.js:7737:220
    at http://localhost:3000/_next/static/chunks/node_modules_%40supabase_auth-js_dist_module_0.pzobh._.js:693:42
    at http://localhost:3000/_next/static/chunks/node_modules_%40supabase_auth-js_dist_module_0.pzobh._.js:705:11
    at new Promise (<anonymous>)
    at retryable (http://localhost:3000/_next/static/chunks/node_modules_%40supabase_auth-js_dist_module_0.pzobh._.js:687:21)
    at SupabaseAuthClient._refreshAccessToken (http://localhost:3000/_next/static/chunks/node_modules_%40supabase_auth-js_dist_module_0.pzobh._.js:7732:219)
    at SupabaseAuthClient._callRefreshToken (http://localhost:3000/_next/static/chunks/node_modules_%40supabase_auth-js_dist_module_0.pzobh._.js:7909:48)
    at async http://localhost:3000/_next/static/chunks/node_modules_%40supabase_auth-js_dist_module_0.pzobh._.js:8312:25
    at async SupabaseAuthClient._useSession (http://localhost:3000/_next/static/chunks/node_modules_%40supabase_auth-js_dist_module_0.pzobh._.js:6145:20)
    at async SupabaseAuthClient._autoRefreshTokenTick (http://localhost:3000/_next/static/chunks/node_modules_%40supabase_auth-js_dist_module_0.pzobh._.js:8302:17) @ http://localhost:3000/_next/static/chunks/node_modules_next_dist_115brz8._.js:3272
[51879847ms] [LOG] [Fast Refresh] rebuilding @ http://localhost:3000/_next/static/chunks/node_modules_next_dist_115brz8._.js:2431
[51879859ms] [ERROR] Failed to load resource: net::ERR_INTERNET_DISCONNECTED @ https://midvxgfzwwivxhwhhbak.supabase.co/auth/v1/token?grant_type=refresh_token:0
[51879859ms] [ERROR] TypeError: Failed to fetch
    at push.resolveFetch (http://localhost:3000/_next/static/chunks/node_modules_%40supabase_auth-js_dist_module_0.pzobh._.js:618:23)
    at _handleRequest (http://localhost:3000/_next/static/chunks/node_modules_%40supabase_auth-js_dist_module_0.pzobh._.js:1000:24)
    at _request (http://localhost:3000/_next/static/chunks/node_modules_%40supabase_auth-js_dist_module_0.pzobh._.js:987:24)
    at http://localhost:3000/_next/static/chunks/node_modules_%40supabase_auth-js_dist_module_0.pzobh._.js:7737:220
    at async http://localhost:3000/_next/static/chunks/node_modules_%40supabase_auth-js_dist_module_0.pzobh._.js:693:36 @ http://localhost:3000/_next/static/chunks/node_modules_next_dist_115brz8._.js:3272
[51880065ms] [LOG] [Fast Refresh] done in 329ms @ http://localhost:3000/_next/static/chunks/node_modules_next_dist_115brz8._.js:2431
[51880285ms] [ERROR] Failed to load resource: net::ERR_INTERNET_DISCONNECTED @ https://midvxgfzwwivxhwhhbak.supabase.co/auth/v1/token?grant_type=refresh_token:0
[51880285ms] [ERROR] TypeError: Failed to fetch
    at push.resolveFetch (http://localhost:3000/_next/static/chunks/node_modules_%40supabase_auth-js_dist_module_0.pzobh._.js:618:23)
    at _handleRequest (http://localhost:3000/_next/static/chunks/node_modules_%40supabase_auth-js_dist_module_0.pzobh._.js:1000:24)
    at _request (http://localhost:3000/_next/static/chunks/node_modules_%40supabase_auth-js_dist_module_0.pzobh._.js:987:24)
    at http://localhost:3000/_next/static/chunks/node_modules_%40supabase_auth-js_dist_module_0.pzobh._.js:7737:220
    at async http://localhost:3000/_next/static/chunks/node_modules_%40supabase_auth-js_dist_module_0.pzobh._.js:693:36 @ http://localhost:3000/_next/static/chunks/node_modules_next_dist_115brz8._.js:3272
[51881117ms] [ERROR] Failed to load resource: net::ERR_INTERNET_DISCONNECTED @ https://midvxgfzwwivxhwhhbak.supabase.co/auth/v1/token?grant_type=refresh_token:0
[51881117ms] [ERROR] TypeError: Failed to fetch
    at push.resolveFetch (http://localhost:3000/_next/static/chunks/node_modules_%40supabase_auth-js_dist_module_0.pzobh._.js:618:23)
    at _handleRequest (http://localhost:3000/_next/static/chunks/node_modules_%40supabase_auth-js_dist_module_0.pzobh._.js:1000:24)
    at _request (http://localhost:3000/_next/static/chunks/node_modules_%40supabase_auth-js_dist_module_0.pzobh._.js:987:24)
    at http://localhost:3000/_next/static/chunks/node_modules_%40supabase_auth-js_dist_module_0.pzobh._.js:7737:220
    at async http://localhost:3000/_next/static/chunks/node_modules_%40supabase_auth-js_dist_module_0.pzobh._.js:693:36 @ http://localhost:3000/_next/static/chunks/node_modules_next_dist_115brz8._.js:3272
[51882768ms] [ERROR] Failed to load resource: net::ERR_INTERNET_DISCONNECTED @ https://midvxgfzwwivxhwhhbak.supabase.co/auth/v1/token?grant_type=refresh_token:0
[51882769ms] [ERROR] TypeError: Failed to fetch
    at push.resolveFetch (http://localhost:3000/_next/static/chunks/node_modules_%40supabase_auth-js_dist_module_0.pzobh._.js:618:23)
    at _handleRequest (http://localhost:3000/_next/static/chunks/node_modules_%40supabase_auth-js_dist_module_0.pzobh._.js:1000:24)
    at _request (http://localhost:3000/_next/static/chunks/node_modules_%40supabase_auth-js_dist_module_0.pzobh._.js:987:24)
    at http://localhost:3000/_next/static/chunks/node_modules_%40supabase_auth-js_dist_module_0.pzobh._.js:7737:220
    at async http://localhost:3000/_next/static/chunks/node_modules_%40supabase_auth-js_dist_module_0.pzobh._.js:693:36 @ http://localhost:3000/_next/static/chunks/node_modules_next_dist_115brz8._.js:3272
[51886022ms] [ERROR] Failed to load resource: net::ERR_INTERNET_DISCONNECTED @ https://midvxgfzwwivxhwhhbak.supabase.co/auth/v1/token?grant_type=refresh_token:0
[51886023ms] [ERROR] TypeError: Failed to fetch
    at push.resolveFetch (http://localhost:3000/_next/static/chunks/node_modules_%40supabase_auth-js_dist_module_0.pzobh._.js:618:23)
    at _handleRequest (http://localhost:3000/_next/static/chunks/node_modules_%40supabase_auth-js_dist_module_0.pzobh._.js:1000:24)
    at _request (http://localhost:3000/_next/static/chunks/node_modules_%40supabase_auth-js_dist_module_0.pzobh._.js:987:24)
    at http://localhost:3000/_next/static/chunks/node_modules_%40supabase_auth-js_dist_module_0.pzobh._.js:7737:220
    at async http://localhost:3000/_next/static/chunks/node_modules_%40supabase_auth-js_dist_module_0.pzobh._.js:693:36 @ http://localhost:3000/_next/static/chunks/node_modules_next_dist_115brz8._.js:3272
[51892471ms] [ERROR] Failed to load resource: net::ERR_INTERNET_DISCONNECTED @ https://midvxgfzwwivxhwhhbak.supabase.co/auth/v1/token?grant_type=refresh_token:0
[51892472ms] [ERROR] TypeError: Failed to fetch
    at push.resolveFetch (http://localhost:3000/_next/static/chunks/node_modules_%40supabase_auth-js_dist_module_0.pzobh._.js:618:23)
    at _handleRequest (http://localhost:3000/_next/static/chunks/node_modules_%40supabase_auth-js_dist_module_0.pzobh._.js:1000:24)
    at _request (http://localhost:3000/_next/static/chunks/node_modules_%40supabase_auth-js_dist_module_0.pzobh._.js:987:24)
    at http://localhost:3000/_next/static/chunks/node_modules_%40supabase_auth-js_dist_module_0.pzobh._.js:7737:220
    at async http://localhost:3000/_next/static/chunks/node_modules_%40supabase_auth-js_dist_module_0.pzobh._.js:693:36 @ http://localhost:3000/_next/static/chunks/node_modules_next_dist_115brz8._.js:3272
[51905302ms] [ERROR] Failed to load resource: net::ERR_INTERNET_DISCONNECTED @ https://midvxgfzwwivxhwhhbak.supabase.co/auth/v1/token?grant_type=refresh_token:0
[51905302ms] [ERROR] TypeError: Failed to fetch
    at push.resolveFetch (http://localhost:3000/_next/static/chunks/node_modules_%40supabase_auth-js_dist_module_0.pzobh._.js:618:23)
    at _handleRequest (http://localhost:3000/_next/static/chunks/node_modules_%40supabase_auth-js_dist_module_0.pzobh._.js:1000:24)
    at _request (http://localhost:3000/_next/static/chunks/node_modules_%40supabase_auth-js_dist_module_0.pzobh._.js:987:24)
    at http://localhost:3000/_next/static/chunks/node_modules_%40supabase_auth-js_dist_module_0.pzobh._.js:7737:220
    at async http://localhost:3000/_next/static/chunks/node_modules_%40supabase_auth-js_dist_module_0.pzobh._.js:693:36 @ http://localhost:3000/_next/static/chunks/node_modules_next_dist_115brz8._.js:3272
[51909599ms] [ERROR] Failed to load resource: net::ERR_INTERNET_DISCONNECTED @ https://midvxgfzwwivxhwhhbak.supabase.co/auth/v1/token?grant_type=refresh_token:0
[51909601ms] [ERROR] TypeError: Failed to fetch
    at push.resolveFetch (http://localhost:3000/_next/static/chunks/node_modules_%40supabase_auth-js_dist_module_0.pzobh._.js:618:23)
    at _handleRequest (http://localhost:3000/_next/static/chunks/node_modules_%40supabase_auth-js_dist_module_0.pzobh._.js:1000:24)
    at _request (http://localhost:3000/_next/static/chunks/node_modules_%40supabase_auth-js_dist_module_0.pzobh._.js:987:24)
    at http://localhost:3000/_next/static/chunks/node_modules_%40supabase_auth-js_dist_module_0.pzobh._.js:7737:220
    at http://localhost:3000/_next/static/chunks/node_modules_%40supabase_auth-js_dist_module_0.pzobh._.js:693:42
    at http://localhost:3000/_next/static/chunks/node_modules_%40supabase_auth-js_dist_module_0.pzobh._.js:705:11
    at new Promise (<anonymous>)
    at retryable (http://localhost:3000/_next/static/chunks/node_modules_%40supabase_auth-js_dist_module_0.pzobh._.js:687:21)
    at SupabaseAuthClient._refreshAccessToken (http://localhost:3000/_next/static/chunks/node_modules_%40supabase_auth-js_dist_module_0.pzobh._.js:7732:219)
    at SupabaseAuthClient._callRefreshToken (http://localhost:3000/_next/static/chunks/node_modules_%40supabase_auth-js_dist_module_0.pzobh._.js:7909:48)
    at async SupabaseAuthClient.__loadSession (http://localhost:3000/_next/static/chunks/node_modules_%40supabase_auth-js_dist_module_0.pzobh._.js:6215:46)
    at async SupabaseAuthClient._useSession (http://localhost:3000/_next/static/chunks/node_modules_%40supabase_auth-js_dist_module_0.pzobh._.js:6144:28)
    at async SupabaseAuthClient._autoRefreshTokenTick (http://localhost:3000/_next/static/chunks/node_modules_%40supabase_auth-js_dist_module_0.pzobh._.js:8302:17) @ http://localhost:3000/_next/static/chunks/node_modules_next_dist_115brz8._.js:3272
[51909842ms] [ERROR] Failed to load resource: net::ERR_INTERNET_DISCONNECTED @ https://midvxgfzwwivxhwhhbak.supabase.co/auth/v1/token?grant_type=refresh_token:0
[51909843ms] [ERROR] TypeError: Failed to fetch
    at push.resolveFetch (http://localhost:3000/_next/static/chunks/node_modules_%40supabase_auth-js_dist_module_0.pzobh._.js:618:23)
    at _handleRequest (http://localhost:3000/_next/static/chunks/node_modules_%40supabase_auth-js_dist_module_0.pzobh._.js:1000:24)
    at _request (http://localhost:3000/_next/static/chunks/node_modules_%40supabase_auth-js_dist_module_0.pzobh._.js:987:24)
    at http://localhost:3000/_next/static/chunks/node_modules_%40supabase_auth-js_dist_module_0.pzobh._.js:7737:220
    at async http://localhost:3000/_next/static/chunks/node_modules_%40supabase_auth-js_dist_module_0.pzobh._.js:693:36 @ http://localhost:3000/_next/static/chunks/node_modules_next_dist_115brz8._.js:3272
[51910270ms] [ERROR] Failed to load resource: net::ERR_INTERNET_DISCONNECTED @ https://midvxgfzwwivxhwhhbak.supabase.co/auth/v1/token?grant_type=refresh_token:0
[51910271ms] [ERROR] TypeError: Failed to fetch
    at push.resolveFetch (http://localhost:3000/_next/static/chunks/node_modules_%40supabase_auth-js_dist_module_0.pzobh._.js:618:23)
    at _handleRequest (http://localhost:3000/_next/static/chunks/node_modules_%40supabase_auth-js_dist_module_0.pzobh._.js:1000:24)
    at _request (http://localhost:3000/_next/static/chunks/node_modules_%40supabase_auth-js_dist_module_0.pzobh._.js:987:24)
    at http://localhost:3000/_next/static/chunks/node_modules_%40supabase_auth-js_dist_module_0.pzobh._.js:7737:220
    at async http://localhost:3000/_next/static/chunks/node_modules_%40supabase_auth-js_dist_module_0.pzobh._.js:693:36 @ http://localhost:3000/_next/static/chunks/node_modules_next_dist_115brz8._.js:3272
[51911098ms] [ERROR] Failed to load resource: net::ERR_INTERNET_DISCONNECTED @ https://midvxgfzwwivxhwhhbak.supabase.co/auth/v1/token?grant_type=refresh_token:0
[51911099ms] [ERROR] TypeError: Failed to fetch
    at push.resolveFetch (http://localhost:3000/_next/static/chunks/node_modules_%40supabase_auth-js_dist_module_0.pzobh._.js:618:23)
    at _handleRequest (http://localhost:3000/_next/static/chunks/node_modules_%40supabase_auth-js_dist_module_0.pzobh._.js:1000:24)
    at _request (http://localhost:3000/_next/static/chunks/node_modules_%40supabase_auth-js_dist_module_0.pzobh._.js:987:24)
    at http://localhost:3000/_next/static/chunks/node_modules_%40supabase_auth-js_dist_module_0.pzobh._.js:7737:220
    at async http://localhost:3000/_next/static/chunks/node_modules_%40supabase_auth-js_dist_module_0.pzobh._.js:693:36 @ http://localhost:3000/_next/static/chunks/node_modules_next_dist_115brz8._.js:3272
[51912747ms] [ERROR] Failed to load resource: net::ERR_INTERNET_DISCONNECTED @ https://midvxgfzwwivxhwhhbak.supabase.co/auth/v1/token?grant_type=refresh_token:0
[51912747ms] [ERROR] TypeError: Failed to fetch
    at push.resolveFetch (http://localhost:3000/_next/static/chunks/node_modules_%40supabase_auth-js_dist_module_0.pzobh._.js:618:23)
    at _handleRequest (http://localhost:3000/_next/static/chunks/node_modules_%40supabase_auth-js_dist_module_0.pzobh._.js:1000:24)
    at _request (http://localhost:3000/_next/static/chunks/node_modules_%40supabase_auth-js_dist_module_0.pzobh._.js:987:24)
    at http://localhost:3000/_next/static/chunks/node_modules_%40supabase_auth-js_dist_module_0.pzobh._.js:7737:220
    at async http://localhost:3000/_next/static/chunks/node_modules_%40supabase_auth-js_dist_module_0.pzobh._.js:693:36 @ http://localhost:3000/_next/static/chunks/node_modules_next_dist_115brz8._.js:3272
[51915981ms] [ERROR] Failed to load resource: net::ERR_INTERNET_DISCONNECTED @ https://midvxgfzwwivxhwhhbak.supabase.co/auth/v1/token?grant_type=refresh_token:0
[51915982ms] [ERROR] TypeError: Failed to fetch
    at push.resolveFetch (http://localhost:3000/_next/static/chunks/node_modules_%40supabase_auth-js_dist_module_0.pzobh._.js:618:23)
    at _handleRequest (http://localhost:3000/_next/static/chunks/node_modules_%40supabase_auth-js_dist_module_0.pzobh._.js:1000:24)
    at _request (http://localhost:3000/_next/static/chunks/node_modules_%40supabase_auth-js_dist_module_0.pzobh._.js:987:24)
    at http://localhost:3000/_next/static/chunks/node_modules_%40supabase_auth-js_dist_module_0.pzobh._.js:7737:220
    at async http://localhost:3000/_next/static/chunks/node_modules_%40supabase_auth-js_dist_module_0.pzobh._.js:693:36 @ http://localhost:3000/_next/static/chunks/node_modules_next_dist_115brz8._.js:3272
[51922417ms] [ERROR] Failed to load resource: net::ERR_INTERNET_DISCONNECTED @ https://midvxgfzwwivxhwhhbak.supabase.co/auth/v1/token?grant_type=refresh_token:0
[51922417ms] [ERROR] TypeError: Failed to fetch
    at push.resolveFetch (http://localhost:3000/_next/static/chunks/node_modules_%40supabase_auth-js_dist_module_0.pzobh._.js:618:23)
    at _handleRequest (http://localhost:3000/_next/static/chunks/node_modules_%40supabase_auth-js_dist_module_0.pzobh._.js:1000:24)
    at _request (http://localhost:3000/_next/static/chunks/node_modules_%40supabase_auth-js_dist_module_0.pzobh._.js:987:24)
    at http://localhost:3000/_next/static/chunks/node_modules_%40supabase_auth-js_dist_module_0.pzobh._.js:7737:220
    at async http://localhost:3000/_next/static/chunks/node_modules_%40supabase_auth-js_dist_module_0.pzobh._.js:693:36 @ http://localhost:3000/_next/static/chunks/node_modules_next_dist_115brz8._.js:3272
[51935240ms] [ERROR] Failed to load resource: net::ERR_INTERNET_DISCONNECTED @ https://midvxgfzwwivxhwhhbak.supabase.co/auth/v1/token?grant_type=refresh_token:0
[51935241ms] [ERROR] TypeError: Failed to fetch
    at push.resolveFetch (http://localhost:3000/_next/static/chunks/node_modules_%40supabase_auth-js_dist_module_0.pzobh._.js:618:23)
    at _handleRequest (http://localhost:3000/_next/static/chunks/node_modules_%40supabase_auth-js_dist_module_0.pzobh._.js:1000:24)
    at _request (http://localhost:3000/_next/static/chunks/node_modules_%40supabase_auth-js_dist_module_0.pzobh._.js:987:24)
    at http://localhost:3000/_next/static/chunks/node_modules_%40supabase_auth-js_dist_module_0.pzobh._.js:7737:220
    at async http://localhost:3000/_next/static/chunks/node_modules_%40supabase_auth-js_dist_module_0.pzobh._.js:693:36 @ http://localhost:3000/_next/static/chunks/node_modules_next_dist_115brz8._.js:3272
[51939578ms] [ERROR] Failed to load resource: net::ERR_INTERNET_DISCONNECTED @ https://midvxgfzwwivxhwhhbak.supabase.co/auth/v1/token?grant_type=refresh_token:0
[51939579ms] [ERROR] TypeError: Failed to fetch
    at push.resolveFetch (http://localhost:3000/_next/static/chunks/node_modules_%40supabase_auth-js_dist_module_0.pzobh._.js:618:23)
    at _handleRequest (http://localhost:3000/_next/static/chunks/node_modules_%40supabase_auth-js_dist_module_0.pzobh._.js:1000:24)
    at _request (http://localhost:3000/_next/static/chunks/node_modules_%40supabase_auth-js_dist_module_0.pzobh._.js:987:24)
    at http://localhost:3000/_next/static/chunks/node_modules_%40supabase_auth-js_dist_module_0.pzobh._.js:7737:220
    at http://localhost:3000/_next/static/chunks/node_modules_%40supabase_auth-js_dist_module_0.pzobh._.js:693:42
    at http://localhost:3000/_next/static/chunks/node_modules_%40supabase_auth-js_dist_module_0.pzobh._.js:705:11
    at new Promise (<anonymous>)
    at retryable (http://localhost:3000/_next/static/chunks/node_modules_%40supabase_auth-js_dist_module_0.pzobh._.js:687:21)
    at SupabaseAuthClient._refreshAccessToken (http://localhost:3000/_next/static/chunks/node_modules_%40supabase_auth-js_dist_module_0.pzobh._.js:7732:219)
    at SupabaseAuthClient._callRefreshToken (http://localhost:3000/_next/static/chunks/node_modules_%40supabase_auth-js_dist_module_0.pzobh._.js:7909:48)
    at async SupabaseAuthClient.__loadSession (http://localhost:3000/_next/static/chunks/node_modules_%40supabase_auth-js_dist_module_0.pzobh._.js:6215:46)
    at async SupabaseAuthClient._useSession (http://localhost:3000/_next/static/chunks/node_modules_%40supabase_auth-js_dist_module_0.pzobh._.js:6144:28)
    at async SupabaseAuthClient._autoRefreshTokenTick (http://localhost:3000/_next/static/chunks/node_modules_%40supabase_auth-js_dist_module_0.pzobh._.js:8302:17) @ http://localhost:3000/_next/static/chunks/node_modules_next_dist_115brz8._.js:3272
[51939813ms] [ERROR] Failed to load resource: net::ERR_INTERNET_DISCONNECTED @ https://midvxgfzwwivxhwhhbak.supabase.co/auth/v1/token?grant_type=refresh_token:0
[51939813ms] [ERROR] TypeError: Failed to fetch
    at push.resolveFetch (http://localhost:3000/_next/static/chunks/node_modules_%40supabase_auth-js_dist_module_0.pzobh._.js:618:23)
    at _handleRequest (http://localhost:3000/_next/static/chunks/node_modules_%40supabase_auth-js_dist_module_0.pzobh._.js:1000:24)
    at _request (http://localhost:3000/_next/static/chunks/node_modules_%40supabase_auth-js_dist_module_0.pzobh._.js:987:24)
    at http://localhost:3000/_next/static/chunks/node_modules_%40supabase_auth-js_dist_module_0.pzobh._.js:7737:220
    at async http://localhost:3000/_next/static/chunks/node_modules_%40supabase_auth-js_dist_module_0.pzobh._.js:693:36 @ http://localhost:3000/_next/static/chunks/node_modules_next_dist_115brz8._.js:3272
[51940235ms] [ERROR] Failed to load resource: net::ERR_INTERNET_DISCONNECTED @ https://midvxgfzwwivxhwhhbak.supabase.co/auth/v1/token?grant_type=refresh_token:0
[51940236ms] [ERROR] TypeError: Failed to fetch
    at push.resolveFetch (http://localhost:3000/_next/static/chunks/node_modules_%40supabase_auth-js_dist_module_0.pzobh._.js:618:23)
    at _handleRequest (http://localhost:3000/_next/static/chunks/node_modules_%40supabase_auth-js_dist_module_0.pzobh._.js:1000:24)
    at _request (http://localhost:3000/_next/static/chunks/node_modules_%40supabase_auth-js_dist_module_0.pzobh._.js:987:24)
    at http://localhost:3000/_next/static/chunks/node_modules_%40supabase_auth-js_dist_module_0.pzobh._.js:7737:220
    at async http://localhost:3000/_next/static/chunks/node_modules_%40supabase_auth-js_dist_module_0.pzobh._.js:693:36 @ http://localhost:3000/_next/static/chunks/node_modules_next_dist_115brz8._.js:3272
[51941064ms] [ERROR] Failed to load resource: net::ERR_INTERNET_DISCONNECTED @ https://midvxgfzwwivxhwhhbak.supabase.co/auth/v1/token?grant_type=refresh_token:0
[51941065ms] [ERROR] TypeError: Failed to fetch
    at push.resolveFetch (http://localhost:3000/_next/static/chunks/node_modules_%40supabase_auth-js_dist_module_0.pzobh._.js:618:23)
    at _handleRequest (http://localhost:3000/_next/static/chunks/node_modules_%40supabase_auth-js_dist_module_0.pzobh._.js:1000:24)
    at _request (http://localhost:3000/_next/static/chunks/node_modules_%40supabase_auth-js_dist_module_0.pzobh._.js:987:24)
    at http://localhost:3000/_next/static/chunks/node_modules_%40supabase_auth-js_dist_module_0.pzobh._.js:7737:220
    at async http://localhost:3000/_next/static/chunks/node_modules_%40supabase_auth-js_dist_module_0.pzobh._.js:693:36 @ http://localhost:3000/_next/static/chunks/node_modules_next_dist_115brz8._.js:3272
[51942712ms] [ERROR] Failed to load resource: net::ERR_INTERNET_DISCONNECTED @ https://midvxgfzwwivxhwhhbak.supabase.co/auth/v1/token?grant_type=refresh_token:0
[51942714ms] [ERROR] TypeError: Failed to fetch
    at push.resolveFetch (http://localhost:3000/_next/static/chunks/node_modules_%40supabase_auth-js_dist_module_0.pzobh._.js:618:23)
    at _handleRequest (http://localhost:3000/_next/static/chunks/node_modules_%40supabase_auth-js_dist_module_0.pzobh._.js:1000:24)
    at _request (http://localhost:3000/_next/static/chunks/node_modules_%40supabase_auth-js_dist_module_0.pzobh._.js:987:24)
    at http://localhost:3000/_next/static/chunks/node_modules_%40supabase_auth-js_dist_module_0.pzobh._.js:7737:220
    at async http://localhost:3000/_next/static/chunks/node_modules_%40supabase_auth-js_dist_module_0.pzobh._.js:693:36 @ http://localhost:3000/_next/static/chunks/node_modules_next_dist_115brz8._.js:3272
[51945939ms] [ERROR] Failed to load resource: net::ERR_INTERNET_DISCONNECTED @ https://midvxgfzwwivxhwhhbak.supabase.co/auth/v1/token?grant_type=refresh_token:0
[51945940ms] [ERROR] TypeError: Failed to fetch
    at push.resolveFetch (http://localhost:3000/_next/static/chunks/node_modules_%40supabase_auth-js_dist_module_0.pzobh._.js:618:23)
    at _handleRequest (http://localhost:3000/_next/static/chunks/node_modules_%40supabase_auth-js_dist_module_0.pzobh._.js:1000:24)
    at _request (http://localhost:3000/_next/static/chunks/node_modules_%40supabase_auth-js_dist_module_0.pzobh._.js:987:24)
    at http://localhost:3000/_next/static/chunks/node_modules_%40supabase_auth-js_dist_module_0.pzobh._.js:7737:220
    at async http://localhost:3000/_next/static/chunks/node_modules_%40supabase_auth-js_dist_module_0.pzobh._.js:693:36 @ http://localhost:3000/_next/static/chunks/node_modules_next_dist_115brz8._.js:3272
[51952365ms] [ERROR] Failed to load resource: net::ERR_INTERNET_DISCONNECTED @ https://midvxgfzwwivxhwhhbak.supabase.co/auth/v1/token?grant_type=refresh_token:0
[51952365ms] [ERROR] TypeError: Failed to fetch
    at push.resolveFetch (http://localhost:3000/_next/static/chunks/node_modules_%40supabase_auth-js_dist_module_0.pzobh._.js:618:23)
    at _handleRequest (http://localhost:3000/_next/static/chunks/node_modules_%40supabase_auth-js_dist_module_0.pzobh._.js:1000:24)
    at _request (http://localhost:3000/_next/static/chunks/node_modules_%40supabase_auth-js_dist_module_0.pzobh._.js:987:24)
    at http://localhost:3000/_next/static/chunks/node_modules_%40supabase_auth-js_dist_module_0.pzobh._.js:7737:220
    at async http://localhost:3000/_next/static/chunks/node_modules_%40supabase_auth-js_dist_module_0.pzobh._.js:693:36 @ http://localhost:3000/_next/static/chunks/node_modules_next_dist_115brz8._.js:3272
[51965213ms] [ERROR] Failed to load resource: net::ERR_INTERNET_DISCONNECTED @ https://midvxgfzwwivxhwhhbak.supabase.co/auth/v1/token?grant_type=refresh_token:0
[51965213ms] [ERROR] TypeError: Failed to fetch
    at push.resolveFetch (http://localhost:3000/_next/static/chunks/node_modules_%40supabase_auth-js_dist_module_0.pzobh._.js:618:23)
    at _handleRequest (http://localhost:3000/_next/static/chunks/node_modules_%40supabase_auth-js_dist_module_0.pzobh._.js:1000:24)
    at _request (http://localhost:3000/_next/static/chunks/node_modules_%40supabase_auth-js_dist_module_0.pzobh._.js:987:24)
    at http://localhost:3000/_next/static/chunks/node_modules_%40supabase_auth-js_dist_module_0.pzobh._.js:7737:220
    at async http://localhost:3000/_next/static/chunks/node_modules_%40supabase_auth-js_dist_module_0.pzobh._.js:693:36 @ http://localhost:3000/_next/static/chunks/node_modules_next_dist_115brz8._.js:3272
[51969578ms] [ERROR] Failed to load resource: net::ERR_INTERNET_DISCONNECTED @ https://midvxgfzwwivxhwhhbak.supabase.co/auth/v1/token?grant_type=refresh_token:0
[51969578ms] [ERROR] TypeError: Failed to fetch
    at push.resolveFetch (http://localhost:3000/_next/static/chunks/node_modules_%40supabase_auth-js_dist_module_0.pzobh._.js:618:23)
    at _handleRequest (http://localhost:3000/_next/static/chunks/node_modules_%40supabase_auth-js_dist_module_0.pzobh._.js:1000:24)
    at _request (http://localhost:3000/_next/static/chunks/node_modules_%40supabase_auth-js_dist_module_0.pzobh._.js:987:24)
    at http://localhost:3000/_next/static/chunks/node_modules_%40supabase_auth-js_dist_module_0.pzobh._.js:7737:220
    at http://localhost:3000/_next/static/chunks/node_modules_%40supabase_auth-js_dist_module_0.pzobh._.js:693:42
    at http://localhost:3000/_next/static/chunks/node_modules_%40supabase_auth-js_dist_module_0.pzobh._.js:705:11
    at new Promise (<anonymous>)
    at retryable (http://localhost:3000/_next/static/chunks/node_modules_%40supabase_auth-js_dist_module_0.pzobh._.js:687:21)
    at SupabaseAuthClient._refreshAccessToken (http://localhost:3000/_next/static/chunks/node_modules_%40supabase_auth-js_dist_module_0.pzobh._.js:7732:219)
    at SupabaseAuthClient._callRefreshToken (http://localhost:3000/_next/static/chunks/node_modules_%40supabase_auth-js_dist_module_0.pzobh._.js:7909:48)
    at async SupabaseAuthClient.__loadSession (http://localhost:3000/_next/static/chunks/node_modules_%40supabase_auth-js_dist_module_0.pzobh._.js:6215:46)
    at async SupabaseAuthClient._useSession (http://localhost:3000/_next/static/chunks/node_modules_%40supabase_auth-js_dist_module_0.pzobh._.js:6144:28)
    at async SupabaseAuthClient._autoRefreshTokenTick (http://localhost:3000/_next/static/chunks/node_modules_%40supabase_auth-js_dist_module_0.pzobh._.js:8302:17) @ http://localhost:3000/_next/static/chunks/node_modules_next_dist_115brz8._.js:3272
[51969806ms] [ERROR] Failed to load resource: net::ERR_INTERNET_DISCONNECTED @ https://midvxgfzwwivxhwhhbak.supabase.co/auth/v1/token?grant_type=refresh_token:0
[51969806ms] [ERROR] TypeError: Failed to fetch
    at push.resolveFetch (http://localhost:3000/_next/static/chunks/node_modules_%40supabase_auth-js_dist_module_0.pzobh._.js:618:23)
    at _handleRequest (http://localhost:3000/_next/static/chunks/node_modules_%40supabase_auth-js_dist_module_0.pzobh._.js:1000:24)
    at _request (http://localhost:3000/_next/static/chunks/node_modules_%40supabase_auth-js_dist_module_0.pzobh._.js:987:24)
    at http://localhost:3000/_next/static/chunks/node_modules_%40supabase_auth-js_dist_module_0.pzobh._.js:7737:220
    at async http://localhost:3000/_next/static/chunks/node_modules_%40supabase_auth-js_dist_module_0.pzobh._.js:693:36 @ http://localhost:3000/_next/static/chunks/node_modules_next_dist_115brz8._.js:3272
[51970228ms] [ERROR] Failed to load resource: net::ERR_INTERNET_DISCONNECTED @ https://midvxgfzwwivxhwhhbak.supabase.co/auth/v1/token?grant_type=refresh_token:0
[51970228ms] [ERROR] TypeError: Failed to fetch
    at push.resolveFetch (http://localhost:3000/_next/static/chunks/node_modules_%40supabase_auth-js_dist_module_0.pzobh._.js:618:23)
    at _handleRequest (http://localhost:3000/_next/static/chunks/node_modules_%40supabase_auth-js_dist_module_0.pzobh._.js:1000:24)
    at _request (http://localhost:3000/_next/static/chunks/node_modules_%40supabase_auth-js_dist_module_0.pzobh._.js:987:24)
    at http://localhost:3000/_next/static/chunks/node_modules_%40supabase_auth-js_dist_module_0.pzobh._.js:7737:220
    at async http://localhost:3000/_next/static/chunks/node_modules_%40supabase_auth-js_dist_module_0.pzobh._.js:693:36 @ http://localhost:3000/_next/static/chunks/node_modules_next_dist_115brz8._.js:3272
[51971056ms] [ERROR] Failed to load resource: net::ERR_INTERNET_DISCONNECTED @ https://midvxgfzwwivxhwhhbak.supabase.co/auth/v1/token?grant_type=refresh_token:0
[51971056ms] [ERROR] TypeError: Failed to fetch
    at push.resolveFetch (http://localhost:3000/_next/static/chunks/node_modules_%40supabase_auth-js_dist_module_0.pzobh._.js:618:23)
    at _handleRequest (http://localhost:3000/_next/static/chunks/node_modules_%40supabase_auth-js_dist_module_0.pzobh._.js:1000:24)
    at _request (http://localhost:3000/_next/static/chunks/node_modules_%40supabase_auth-js_dist_module_0.pzobh._.js:987:24)
    at http://localhost:3000/_next/static/chunks/node_modules_%40supabase_auth-js_dist_module_0.pzobh._.js:7737:220
    at async http://localhost:3000/_next/static/chunks/node_modules_%40supabase_auth-js_dist_module_0.pzobh._.js:693:36 @ http://localhost:3000/_next/static/chunks/node_modules_next_dist_115brz8._.js:3272
[51972693ms] [ERROR] Failed to load resource: net::ERR_INTERNET_DISCONNECTED @ https://midvxgfzwwivxhwhhbak.supabase.co/auth/v1/token?grant_type=refresh_token:0
[51972694ms] [ERROR] TypeError: Failed to fetch
    at push.resolveFetch (http://localhost:3000/_next/static/chunks/node_modules_%40supabase_auth-js_dist_module_0.pzobh._.js:618:23)
    at _handleRequest (http://localhost:3000/_next/static/chunks/node_modules_%40supabase_auth-js_dist_module_0.pzobh._.js:1000:24)
    at _request (http://localhost:3000/_next/static/chunks/node_modules_%40supabase_auth-js_dist_module_0.pzobh._.js:987:24)
    at http://localhost:3000/_next/static/chunks/node_modules_%40supabase_auth-js_dist_module_0.pzobh._.js:7737:220
    at async http://localhost:3000/_next/static/chunks/node_modules_%40supabase_auth-js_dist_module_0.pzobh._.js:693:36 @ http://localhost:3000/_next/static/chunks/node_modules_next_dist_115brz8._.js:3272
[51975922ms] [ERROR] Failed to load resource: net::ERR_INTERNET_DISCONNECTED @ https://midvxgfzwwivxhwhhbak.supabase.co/auth/v1/token?grant_type=refresh_token:0
[51975922ms] [ERROR] TypeError: Failed to fetch
    at push.resolveFetch (http://localhost:3000/_next/static/chunks/node_modules_%40supabase_auth-js_dist_module_0.pzobh._.js:618:23)
    at _handleRequest (http://localhost:3000/_next/static/chunks/node_modules_%40supabase_auth-js_dist_module_0.pzobh._.js:1000:24)
    at _request (http://localhost:3000/_next/static/chunks/node_modules_%40supabase_auth-js_dist_module_0.pzobh._.js:987:24)
    at http://localhost:3000/_next/static/chunks/node_modules_%40supabase_auth-js_dist_module_0.pzobh._.js:7737:220
    at async http://localhost:3000/_next/static/chunks/node_modules_%40supabase_auth-js_dist_module_0.pzobh._.js:693:36 @ http://localhost:3000/_next/static/chunks/node_modules_next_dist_115brz8._.js:3272
[51982342ms] [ERROR] Failed to load resource: net::ERR_INTERNET_DISCONNECTED @ https://midvxgfzwwivxhwhhbak.supabase.co/auth/v1/token?grant_type=refresh_token:0
[51982342ms] [ERROR] TypeError: Failed to fetch
    at push.resolveFetch (http://localhost:3000/_next/static/chunks/node_modules_%40supabase_auth-js_dist_module_0.pzobh._.js:618:23)
    at _handleRequest (http://localhost:3000/_next/static/chunks/node_modules_%40supabase_auth-js_dist_module_0.pzobh._.js:1000:24)
    at _request (http://localhost:3000/_next/static/chunks/node_modules_%40supabase_auth-js_dist_module_0.pzobh._.js:987:24)
    at http://localhost:3000/_next/static/chunks/node_modules_%40supabase_auth-js_dist_module_0.pzobh._.js:7737:220
    at async http://localhost:3000/_next/static/chunks/node_modules_%40supabase_auth-js_dist_module_0.pzobh._.js:693:36 @ http://localhost:3000/_next/static/chunks/node_modules_next_dist_115brz8._.js:3272
[51995163ms] [ERROR] Failed to load resource: net::ERR_INTERNET_DISCONNECTED @ https://midvxgfzwwivxhwhhbak.supabase.co/auth/v1/token?grant_type=refresh_token:0
[51995164ms] [ERROR] TypeError: Failed to fetch
    at push.resolveFetch (http://localhost:3000/_next/static/chunks/node_modules_%40supabase_auth-js_dist_module_0.pzobh._.js:618:23)
    at _handleRequest (http://localhost:3000/_next/static/chunks/node_modules_%40supabase_auth-js_dist_module_0.pzobh._.js:1000:24)
    at _request (http://localhost:3000/_next/static/chunks/node_modules_%40supabase_auth-js_dist_module_0.pzobh._.js:987:24)
    at http://localhost:3000/_next/static/chunks/node_modules_%40supabase_auth-js_dist_module_0.pzobh._.js:7737:220
    at async http://localhost:3000/_next/static/chunks/node_modules_%40supabase_auth-js_dist_module_0.pzobh._.js:693:36 @ http://localhost:3000/_next/static/chunks/node_modules_next_dist_115brz8._.js:3272
[51999659ms] [ERROR] Failed to load resource: net::ERR_INTERNET_DISCONNECTED @ https://midvxgfzwwivxhwhhbak.supabase.co/auth/v1/token?grant_type=refresh_token:0
[51999661ms] [ERROR] TypeError: Failed to fetch
    at push.resolveFetch (http://localhost:3000/_next/static/chunks/node_modules_%40supabase_auth-js_dist_module_0.pzobh._.js:618:23)
    at _handleRequest (http://localhost:3000/_next/static/chunks/node_modules_%40supabase_auth-js_dist_module_0.pzobh._.js:1000:24)
    at _request (http://localhost:3000/_next/static/chunks/node_modules_%40supabase_auth-js_dist_module_0.pzobh._.js:987:24)
    at http://localhost:3000/_next/static/chunks/node_modules_%40supabase_auth-js_dist_module_0.pzobh._.js:7737:220
    at http://localhost:3000/_next/static/chunks/node_modules_%40supabase_auth-js_dist_module_0.pzobh._.js:693:42
    at http://localhost:3000/_next/static/chunks/node_modules_%40supabase_auth-js_dist_module_0.pzobh._.js:705:11
    at new Promise (<anonymous>)
    at retryable (http://localhost:3000/_next/static/chunks/node_modules_%40supabase_auth-js_dist_module_0.pzobh._.js:687:21)
    at SupabaseAuthClient._refreshAccessToken (http://localhost:3000/_next/static/chunks/node_modules_%40supabase_auth-js_dist_module_0.pzobh._.js:7732:219)
    at SupabaseAuthClient._callRefreshToken (http://localhost:3000/_next/static/chunks/node_modules_%40supabase_auth-js_dist_module_0.pzobh._.js:7909:48)
    at async SupabaseAuthClient.__loadSession (http://localhost:3000/_next/static/chunks/node_modules_%40supabase_auth-js_dist_module_0.pzobh._.js:6215:46)
    at async SupabaseAuthClient._useSession (http://localhost:3000/_next/static/chunks/node_modules_%40supabase_auth-js_dist_module_0.pzobh._.js:6144:28)
    at async SupabaseAuthClient._autoRefreshTokenTick (http://localhost:3000/_next/static/chunks/node_modules_%40supabase_auth-js_dist_module_0.pzobh._.js:8302:17) @ http://localhost:3000/_next/static/chunks/node_modules_next_dist_115brz8._.js:3272
[51999913ms] [ERROR] Failed to load resource: net::ERR_INTERNET_DISCONNECTED @ https://midvxgfzwwivxhwhhbak.supabase.co/auth/v1/token?grant_type=refresh_token:0
[51999914ms] [ERROR] TypeError: Failed to fetch
    at push.resolveFetch (http://localhost:3000/_next/static/chunks/node_modules_%40supabase_auth-js_dist_module_0.pzobh._.js:618:23)
    at _handleRequest (http://localhost:3000/_next/static/chunks/node_modules_%40supabase_auth-js_dist_module_0.pzobh._.js:1000:24)
    at _request (http://localhost:3000/_next/static/chunks/node_modules_%40supabase_auth-js_dist_module_0.pzobh._.js:987:24)
    at http://localhost:3000/_next/static/chunks/node_modules_%40supabase_auth-js_dist_module_0.pzobh._.js:7737:220
    at async http://localhost:3000/_next/static/chunks/node_modules_%40supabase_auth-js_dist_module_0.pzobh._.js:693:36 @ http://localhost:3000/_next/static/chunks/node_modules_next_dist_115brz8._.js:3272
[52000339ms] [ERROR] Failed to load resource: net::ERR_INTERNET_DISCONNECTED @ https://midvxgfzwwivxhwhhbak.supabase.co/auth/v1/token?grant_type=refresh_token:0
[52000339ms] [ERROR] TypeError: Failed to fetch
    at push.resolveFetch (http://localhost:3000/_next/static/chunks/node_modules_%40supabase_auth-js_dist_module_0.pzobh._.js:618:23)
    at _handleRequest (http://localhost:3000/_next/static/chunks/node_modules_%40supabase_auth-js_dist_module_0.pzobh._.js:1000:24)
    at _request (http://localhost:3000/_next/static/chunks/node_modules_%40supabase_auth-js_dist_module_0.pzobh._.js:987:24)
    at http://localhost:3000/_next/static/chunks/node_modules_%40supabase_auth-js_dist_module_0.pzobh._.js:7737:220
    at async http://localhost:3000/_next/static/chunks/node_modules_%40supabase_auth-js_dist_module_0.pzobh._.js:693:36 @ http://localhost:3000/_next/static/chunks/node_modules_next_dist_115brz8._.js:3272
[52001161ms] [ERROR] Failed to load resource: net::ERR_INTERNET_DISCONNECTED @ https://midvxgfzwwivxhwhhbak.supabase.co/auth/v1/token?grant_type=refresh_token:0
[52001162ms] [ERROR] TypeError: Failed to fetch
    at push.resolveFetch (http://localhost:3000/_next/static/chunks/node_modules_%40supabase_auth-js_dist_module_0.pzobh._.js:618:23)
    at _handleRequest (http://localhost:3000/_next/static/chunks/node_modules_%40supabase_auth-js_dist_module_0.pzobh._.js:1000:24)
    at _request (http://localhost:3000/_next/static/chunks/node_modules_%40supabase_auth-js_dist_module_0.pzobh._.js:987:24)
    at http://localhost:3000/_next/static/chunks/node_modules_%40supabase_auth-js_dist_module_0.pzobh._.js:7737:220
    at async http://localhost:3000/_next/static/chunks/node_modules_%40supabase_auth-js_dist_module_0.pzobh._.js:693:36 @ http://localhost:3000/_next/static/chunks/node_modules_next_dist_115brz8._.js:3272
[52002801ms] [ERROR] Failed to load resource: net::ERR_INTERNET_DISCONNECTED @ https://midvxgfzwwivxhwhhbak.supabase.co/auth/v1/token?grant_type=refresh_token:0
[52002801ms] [ERROR] TypeError: Failed to fetch
    at push.resolveFetch (http://localhost:3000/_next/static/chunks/node_modules_%40supabase_auth-js_dist_module_0.pzobh._.js:618:23)
    at _handleRequest (http://localhost:3000/_next/static/chunks/node_modules_%40supabase_auth-js_dist_module_0.pzobh._.js:1000:24)
    at _request (http://localhost:3000/_next/static/chunks/node_modules_%40supabase_auth-js_dist_module_0.pzobh._.js:987:24)
    at http://localhost:3000/_next/static/chunks/node_modules_%40supabase_auth-js_dist_module_0.pzobh._.js:7737:220
    at async http://localhost:3000/_next/static/chunks/node_modules_%40supabase_auth-js_dist_module_0.pzobh._.js:693:36 @ http://localhost:3000/_next/static/chunks/node_modules_next_dist_115brz8._.js:3272
[52006097ms] [ERROR] Failed to load resource: net::ERR_INTERNET_DISCONNECTED @ https://midvxgfzwwivxhwhhbak.supabase.co/auth/v1/token?grant_type=refresh_token:0
[52006098ms] [ERROR] TypeError: Failed to fetch
    at push.resolveFetch (http://localhost:3000/_next/static/chunks/node_modules_%40supabase_auth-js_dist_module_0.pzobh._.js:618:23)
    at _handleRequest (http://localhost:3000/_next/static/chunks/node_modules_%40supabase_auth-js_dist_module_0.pzobh._.js:1000:24)
    at _request (http://localhost:3000/_next/static/chunks/node_modules_%40supabase_auth-js_dist_module_0.pzobh._.js:987:24)
    at http://localhost:3000/_next/static/chunks/node_modules_%40supabase_auth-js_dist_module_0.pzobh._.js:7737:220
    at async http://localhost:3000/_next/static/chunks/node_modules_%40supabase_auth-js_dist_module_0.pzobh._.js:693:36 @ http://localhost:3000/_next/static/chunks/node_modules_next_dist_115brz8._.js:3272
[52012540ms] [ERROR] Failed to load resource: net::ERR_INTERNET_DISCONNECTED @ https://midvxgfzwwivxhwhhbak.supabase.co/auth/v1/token?grant_type=refresh_token:0
[52012540ms] [ERROR] TypeError: Failed to fetch
    at push.resolveFetch (http://localhost:3000/_next/static/chunks/node_modules_%40supabase_auth-js_dist_module_0.pzobh._.js:618:23)
    at _handleRequest (http://localhost:3000/_next/static/chunks/node_modules_%40supabase_auth-js_dist_module_0.pzobh._.js:1000:24)
    at _request (http://localhost:3000/_next/static/chunks/node_modules_%40supabase_auth-js_dist_module_0.pzobh._.js:987:24)
    at http://localhost:3000/_next/static/chunks/node_modules_%40supabase_auth-js_dist_module_0.pzobh._.js:7737:220
    at async http://localhost:3000/_next/static/chunks/node_modules_%40supabase_auth-js_dist_module_0.pzobh._.js:693:36 @ http://localhost:3000/_next/static/chunks/node_modules_next_dist_115brz8._.js:3272
[52025366ms] [ERROR] Failed to load resource: net::ERR_INTERNET_DISCONNECTED @ https://midvxgfzwwivxhwhhbak.supabase.co/auth/v1/token?grant_type=refresh_token:0
[52025367ms] [ERROR] TypeError: Failed to fetch
    at push.resolveFetch (http://localhost:3000/_next/static/chunks/node_modules_%40supabase_auth-js_dist_module_0.pzobh._.js:618:23)
    at _handleRequest (http://localhost:3000/_next/static/chunks/node_modules_%40supabase_auth-js_dist_module_0.pzobh._.js:1000:24)
    at _request (http://localhost:3000/_next/static/chunks/node_modules_%40supabase_auth-js_dist_module_0.pzobh._.js:987:24)
    at http://localhost:3000/_next/static/chunks/node_modules_%40supabase_auth-js_dist_module_0.pzobh._.js:7737:220
    at async http://localhost:3000/_next/static/chunks/node_modules_%40supabase_auth-js_dist_module_0.pzobh._.js:693:36 @ http://localhost:3000/_next/static/chunks/node_modules_next_dist_115brz8._.js:3272
[52029565ms] [ERROR] Failed to load resource: net::ERR_INTERNET_DISCONNECTED @ https://midvxgfzwwivxhwhhbak.supabase.co/auth/v1/token?grant_type=refresh_token:0
[52029565ms] [ERROR] TypeError: Failed to fetch
    at push.resolveFetch (http://localhost:3000/_next/static/chunks/node_modules_%40supabase_auth-js_dist_module_0.pzobh._.js:618:23)
    at _handleRequest (http://localhost:3000/_next/static/chunks/node_modules_%40supabase_auth-js_dist_module_0.pzobh._.js:1000:24)
    at _request (http://localhost:3000/_next/static/chunks/node_modules_%40supabase_auth-js_dist_module_0.pzobh._.js:987:24)
    at http://localhost:3000/_next/static/chunks/node_modules_%40supabase_auth-js_dist_module_0.pzobh._.js:7737:220
    at http://localhost:3000/_next/static/chunks/node_modules_%40supabase_auth-js_dist_module_0.pzobh._.js:693:42
    at http://localhost:3000/_next/static/chunks/node_modules_%40supabase_auth-js_dist_module_0.pzobh._.js:705:11
    at new Promise (<anonymous>)
    at retryable (http://localhost:3000/_next/static/chunks/node_modules_%40supabase_auth-js_dist_module_0.pzobh._.js:687:21)
    at SupabaseAuthClient._refreshAccessToken (http://localhost:3000/_next/static/chunks/node_modules_%40supabase_auth-js_dist_module_0.pzobh._.js:7732:219)
    at SupabaseAuthClient._callRefreshToken (http://localhost:3000/_next/static/chunks/node_modules_%40supabase_auth-js_dist_module_0.pzobh._.js:7909:48)
    at async SupabaseAuthClient.__loadSession (http://localhost:3000/_next/static/chunks/node_modules_%40supabase_auth-js_dist_module_0.pzobh._.js:6215:46)
    at async SupabaseAuthClient._useSession (http://localhost:3000/_next/static/chunks/node_modules_%40supabase_auth-js_dist_module_0.pzobh._.js:6144:28)
    at async SupabaseAuthClient._autoRefreshTokenTick (http://localhost:3000/_next/static/chunks/node_modules_%40supabase_auth-js_dist_module_0.pzobh._.js:8302:17) @ http://localhost:3000/_next/static/chunks/node_modules_next_dist_115brz8._.js:3272
[52029792ms] [ERROR] Failed to load resource: net::ERR_INTERNET_DISCONNECTED @ https://midvxgfzwwivxhwhhbak.supabase.co/auth/v1/token?grant_type=refresh_token:0
[52029792ms] [ERROR] TypeError: Failed to fetch
    at push.resolveFetch (http://localhost:3000/_next/static/chunks/node_modules_%40supabase_auth-js_dist_module_0.pzobh._.js:618:23)
    at _handleRequest (http://localhost:3000/_next/static/chunks/node_modules_%40supabase_auth-js_dist_module_0.pzobh._.js:1000:24)
    at _request (http://localhost:3000/_next/static/chunks/node_modules_%40supabase_auth-js_dist_module_0.pzobh._.js:987:24)
    at http://localhost:3000/_next/static/chunks/node_modules_%40supabase_auth-js_dist_module_0.pzobh._.js:7737:220
    at async http://localhost:3000/_next/static/chunks/node_modules_%40supabase_auth-js_dist_module_0.pzobh._.js:693:36 @ http://localhost:3000/_next/static/chunks/node_modules_next_dist_115brz8._.js:3272
[52030220ms] [ERROR] Failed to load resource: net::ERR_INTERNET_DISCONNECTED @ https://midvxgfzwwivxhwhhbak.supabase.co/auth/v1/token?grant_type=refresh_token:0
[52030221ms] [ERROR] TypeError: Failed to fetch
    at push.resolveFetch (http://localhost:3000/_next/static/chunks/node_modules_%40supabase_auth-js_dist_module_0.pzobh._.js:618:23)
    at _handleRequest (http://localhost:3000/_next/static/chunks/node_modules_%40supabase_auth-js_dist_module_0.pzobh._.js:1000:24)
    at _request (http://localhost:3000/_next/static/chunks/node_modules_%40supabase_auth-js_dist_module_0.pzobh._.js:987:24)
    at http://localhost:3000/_next/static/chunks/node_modules_%40supabase_auth-js_dist_module_0.pzobh._.js:7737:220
    at async http://localhost:3000/_next/static/chunks/node_modules_%40supabase_auth-js_dist_module_0.pzobh._.js:693:36 @ http://localhost:3000/_next/static/chunks/node_modules_next_dist_115brz8._.js:3272
[52031054ms] [ERROR] Failed to load resource: net::ERR_INTERNET_DISCONNECTED @ https://midvxgfzwwivxhwhhbak.supabase.co/auth/v1/token?grant_type=refresh_token:0
[52031055ms] [ERROR] TypeError: Failed to fetch
    at push.resolveFetch (http://localhost:3000/_next/static/chunks/node_modules_%40supabase_auth-js_dist_module_0.pzobh._.js:618:23)
    at _handleRequest (http://localhost:3000/_next/static/chunks/node_modules_%40supabase_auth-js_dist_module_0.pzobh._.js:1000:24)
    at _request (http://localhost:3000/_next/static/chunks/node_modules_%40supabase_auth-js_dist_module_0.pzobh._.js:987:24)
    at http://localhost:3000/_next/static/chunks/node_modules_%40supabase_auth-js_dist_module_0.pzobh._.js:7737:220
    at async http://localhost:3000/_next/static/chunks/node_modules_%40supabase_auth-js_dist_module_0.pzobh._.js:693:36 @ http://localhost:3000/_next/static/chunks/node_modules_next_dist_115brz8._.js:3272
[52032768ms] [ERROR] Failed to load resource: net::ERR_INTERNET_DISCONNECTED @ https://midvxgfzwwivxhwhhbak.supabase.co/auth/v1/token?grant_type=refresh_token:0
[52032769ms] [ERROR] TypeError: Failed to fetch
    at push.resolveFetch (http://localhost:3000/_next/static/chunks/node_modules_%40supabase_auth-js_dist_module_0.pzobh._.js:618:23)
    at _handleRequest (http://localhost:3000/_next/static/chunks/node_modules_%40supabase_auth-js_dist_module_0.pzobh._.js:1000:24)
    at _request (http://localhost:3000/_next/static/chunks/node_modules_%40supabase_auth-js_dist_module_0.pzobh._.js:987:24)
    at http://localhost:3000/_next/static/chunks/node_modules_%40supabase_auth-js_dist_module_0.pzobh._.js:7737:220
    at async http://localhost:3000/_next/static/chunks/node_modules_%40supabase_auth-js_dist_module_0.pzobh._.js:693:36 @ http://localhost:3000/_next/static/chunks/node_modules_next_dist_115brz8._.js:3272
[52036007ms] [ERROR] Failed to load resource: net::ERR_INTERNET_DISCONNECTED @ https://midvxgfzwwivxhwhhbak.supabase.co/auth/v1/token?grant_type=refresh_token:0
[52036008ms] [ERROR] TypeError: Failed to fetch
    at push.resolveFetch (http://localhost:3000/_next/static/chunks/node_modules_%40supabase_auth-js_dist_module_0.pzobh._.js:618:23)
    at _handleRequest (http://localhost:3000/_next/static/chunks/node_modules_%40supabase_auth-js_dist_module_0.pzobh._.js:1000:24)
    at _request (http://localhost:3000/_next/static/chunks/node_modules_%40supabase_auth-js_dist_module_0.pzobh._.js:987:24)
    at http://localhost:3000/_next/static/chunks/node_modules_%40supabase_auth-js_dist_module_0.pzobh._.js:7737:220
    at async http://localhost:3000/_next/static/chunks/node_modules_%40supabase_auth-js_dist_module_0.pzobh._.js:693:36 @ http://localhost:3000/_next/static/chunks/node_modules_next_dist_115brz8._.js:3272
[52042444ms] [ERROR] Failed to load resource: net::ERR_INTERNET_DISCONNECTED @ https://midvxgfzwwivxhwhhbak.supabase.co/auth/v1/token?grant_type=refresh_token:0
[52042445ms] [ERROR] TypeError: Failed to fetch
    at push.resolveFetch (http://localhost:3000/_next/static/chunks/node_modules_%40supabase_auth-js_dist_module_0.pzobh._.js:618:23)
    at _handleRequest (http://localhost:3000/_next/static/chunks/node_modules_%40supabase_auth-js_dist_module_0.pzobh._.js:1000:24)
    at _request (http://localhost:3000/_next/static/chunks/node_modules_%40supabase_auth-js_dist_module_0.pzobh._.js:987:24)
    at http://localhost:3000/_next/static/chunks/node_modules_%40supabase_auth-js_dist_module_0.pzobh._.js:7737:220
    at async http://localhost:3000/_next/static/chunks/node_modules_%40supabase_auth-js_dist_module_0.pzobh._.js:693:36 @ http://localhost:3000/_next/static/chunks/node_modules_next_dist_115brz8._.js:3272
[52055271ms] [ERROR] Failed to load resource: net::ERR_INTERNET_DISCONNECTED @ https://midvxgfzwwivxhwhhbak.supabase.co/auth/v1/token?grant_type=refresh_token:0
[52055271ms] [ERROR] TypeError: Failed to fetch
    at push.resolveFetch (http://localhost:3000/_next/static/chunks/node_modules_%40supabase_auth-js_dist_module_0.pzobh._.js:618:23)
    at _handleRequest (http://localhost:3000/_next/static/chunks/node_modules_%40supabase_auth-js_dist_module_0.pzobh._.js:1000:24)
    at _request (http://localhost:3000/_next/static/chunks/node_modules_%40supabase_auth-js_dist_module_0.pzobh._.js:987:24)
    at http://localhost:3000/_next/static/chunks/node_modules_%40supabase_auth-js_dist_module_0.pzobh._.js:7737:220
    at async http://localhost:3000/_next/static/chunks/node_modules_%40supabase_auth-js_dist_module_0.pzobh._.js:693:36 @ http://localhost:3000/_next/static/chunks/node_modules_next_dist_115brz8._.js:3272
[52059599ms] [ERROR] Failed to load resource: net::ERR_INTERNET_DISCONNECTED @ https://midvxgfzwwivxhwhhbak.supabase.co/auth/v1/token?grant_type=refresh_token:0
[52059600ms] [ERROR] TypeError: Failed to fetch
    at push.resolveFetch (http://localhost:3000/_next/static/chunks/node_modules_%40supabase_auth-js_dist_module_0.pzobh._.js:618:23)
    at _handleRequest (http://localhost:3000/_next/static/chunks/node_modules_%40supabase_auth-js_dist_module_0.pzobh._.js:1000:24)
    at _request (http://localhost:3000/_next/static/chunks/node_modules_%40supabase_auth-js_dist_module_0.pzobh._.js:987:24)
    at http://localhost:3000/_next/static/chunks/node_modules_%40supabase_auth-js_dist_module_0.pzobh._.js:7737:220
    at http://localhost:3000/_next/static/chunks/node_modules_%40supabase_auth-js_dist_module_0.pzobh._.js:693:42
    at http://localhost:3000/_next/static/chunks/node_modules_%40supabase_auth-js_dist_module_0.pzobh._.js:705:11
    at new Promise (<anonymous>)
    at retryable (http://localhost:3000/_next/static/chunks/node_modules_%40supabase_auth-js_dist_module_0.pzobh._.js:687:21)
    at SupabaseAuthClient._refreshAccessToken (http://localhost:3000/_next/static/chunks/node_modules_%40supabase_auth-js_dist_module_0.pzobh._.js:7732:219)
    at SupabaseAuthClient._callRefreshToken (http://localhost:3000/_next/static/chunks/node_modules_%40supabase_auth-js_dist_module_0.pzobh._.js:7909:48)
    at async SupabaseAuthClient.__loadSession (http://localhost:3000/_next/static/chunks/node_modules_%40supabase_auth-js_dist_module_0.pzobh._.js:6215:46)
    at async SupabaseAuthClient._useSession (http://localhost:3000/_next/static/chunks/node_modules_%40supabase_auth-js_dist_module_0.pzobh._.js:6144:28)
    at async SupabaseAuthClient._autoRefreshTokenTick (http://localhost:3000/_next/static/chunks/node_modules_%40supabase_auth-js_dist_module_0.pzobh._.js:8302:17) @ http://localhost:3000/_next/static/chunks/node_modules_next_dist_115brz8._.js:3272
[52059839ms] [ERROR] Failed to load resource: net::ERR_INTERNET_DISCONNECTED @ https://midvxgfzwwivxhwhhbak.supabase.co/auth/v1/token?grant_type=refresh_token:0
[52059840ms] [ERROR] TypeError: Failed to fetch
    at push.resolveFetch (http://localhost:3000/_next/static/chunks/node_modules_%40supabase_auth-js_dist_module_0.pzobh._.js:618:23)
    at _handleRequest (http://localhost:3000/_next/static/chunks/node_modules_%40supabase_auth-js_dist_module_0.pzobh._.js:1000:24)
    at _request (http://localhost:3000/_next/static/chunks/node_modules_%40supabase_auth-js_dist_module_0.pzobh._.js:987:24)
    at http://localhost:3000/_next/static/chunks/node_modules_%40supabase_auth-js_dist_module_0.pzobh._.js:7737:220
    at async http://localhost:3000/_next/static/chunks/node_modules_%40supabase_auth-js_dist_module_0.pzobh._.js:693:36 @ http://localhost:3000/_next/static/chunks/node_modules_next_dist_115brz8._.js:3272
[52060263ms] [ERROR] Failed to load resource: net::ERR_INTERNET_DISCONNECTED @ https://midvxgfzwwivxhwhhbak.supabase.co/auth/v1/token?grant_type=refresh_token:0
[52060264ms] [ERROR] TypeError: Failed to fetch
    at push.resolveFetch (http://localhost:3000/_next/static/chunks/node_modules_%40supabase_auth-js_dist_module_0.pzobh._.js:618:23)
    at _handleRequest (http://localhost:3000/_next/static/chunks/node_modules_%40supabase_auth-js_dist_module_0.pzobh._.js:1000:24)
    at _request (http://localhost:3000/_next/static/chunks/node_modules_%40supabase_auth-js_dist_module_0.pzobh._.js:987:24)
    at http://localhost:3000/_next/static/chunks/node_modules_%40supabase_auth-js_dist_module_0.pzobh._.js:7737:220
    at async http://localhost:3000/_next/static/chunks/node_modules_%40supabase_auth-js_dist_module_0.pzobh._.js:693:36 @ http://localhost:3000/_next/static/chunks/node_modules_next_dist_115brz8._.js:3272
[52061093ms] [ERROR] Failed to load resource: net::ERR_INTERNET_DISCONNECTED @ https://midvxgfzwwivxhwhhbak.supabase.co/auth/v1/token?grant_type=refresh_token:0
[52061094ms] [ERROR] TypeError: Failed to fetch
    at push.resolveFetch (http://localhost:3000/_next/static/chunks/node_modules_%40supabase_auth-js_dist_module_0.pzobh._.js:618:23)
    at _handleRequest (http://localhost:3000/_next/static/chunks/node_modules_%40supabase_auth-js_dist_module_0.pzobh._.js:1000:24)
    at _request (http://localhost:3000/_next/static/chunks/node_modules_%40supabase_auth-js_dist_module_0.pzobh._.js:987:24)
    at http://localhost:3000/_next/static/chunks/node_modules_%40supabase_auth-js_dist_module_0.pzobh._.js:7737:220
    at async http://localhost:3000/_next/static/chunks/node_modules_%40supabase_auth-js_dist_module_0.pzobh._.js:693:36 @ http://localhost:3000/_next/static/chunks/node_modules_next_dist_115brz8._.js:3272
[52062727ms] [ERROR] Failed to load resource: net::ERR_INTERNET_DISCONNECTED @ https://midvxgfzwwivxhwhhbak.supabase.co/auth/v1/token?grant_type=refresh_token:0
[52062728ms] [ERROR] TypeError: Failed to fetch
    at push.resolveFetch (http://localhost:3000/_next/static/chunks/node_modules_%40supabase_auth-js_dist_module_0.pzobh._.js:618:23)
    at _handleRequest (http://localhost:3000/_next/static/chunks/node_modules_%40supabase_auth-js_dist_module_0.pzobh._.js:1000:24)
    at _request (http://localhost:3000/_next/static/chunks/node_modules_%40supabase_auth-js_dist_module_0.pzobh._.js:987:24)
    at http://localhost:3000/_next/static/chunks/node_modules_%40supabase_auth-js_dist_module_0.pzobh._.js:7737:220
    at async http://localhost:3000/_next/static/chunks/node_modules_%40supabase_auth-js_dist_module_0.pzobh._.js:693:36 @ http://localhost:3000/_next/static/chunks/node_modules_next_dist_115brz8._.js:3272
[52065973ms] [ERROR] Failed to load resource: net::ERR_INTERNET_DISCONNECTED @ https://midvxgfzwwivxhwhhbak.supabase.co/auth/v1/token?grant_type=refresh_token:0
[52065975ms] [ERROR] TypeError: Failed to fetch
    at push.resolveFetch (http://localhost:3000/_next/static/chunks/node_modules_%40supabase_auth-js_dist_module_0.pzobh._.js:618:23)
    at _handleRequest (http://localhost:3000/_next/static/chunks/node_modules_%40supabase_auth-js_dist_module_0.pzobh._.js:1000:24)
    at _request (http://localhost:3000/_next/static/chunks/node_modules_%40supabase_auth-js_dist_module_0.pzobh._.js:987:24)
    at http://localhost:3000/_next/static/chunks/node_modules_%40supabase_auth-js_dist_module_0.pzobh._.js:7737:220
    at async http://localhost:3000/_next/static/chunks/node_modules_%40supabase_auth-js_dist_module_0.pzobh._.js:693:36 @ http://localhost:3000/_next/static/chunks/node_modules_next_dist_115brz8._.js:3272
[52072420ms] [ERROR] Failed to load resource: net::ERR_INTERNET_DISCONNECTED @ https://midvxgfzwwivxhwhhbak.supabase.co/auth/v1/token?grant_type=refresh_token:0
[52072421ms] [ERROR] TypeError: Failed to fetch
    at push.resolveFetch (http://localhost:3000/_next/static/chunks/node_modules_%40supabase_auth-js_dist_module_0.pzobh._.js:618:23)
    at _handleRequest (http://localhost:3000/_next/static/chunks/node_modules_%40supabase_auth-js_dist_module_0.pzobh._.js:1000:24)
    at _request (http://localhost:3000/_next/static/chunks/node_modules_%40supabase_auth-js_dist_module_0.pzobh._.js:987:24)
    at http://localhost:3000/_next/static/chunks/node_modules_%40supabase_auth-js_dist_module_0.pzobh._.js:7737:220
    at async http://localhost:3000/_next/static/chunks/node_modules_%40supabase_auth-js_dist_module_0.pzobh._.js:693:36 @ http://localhost:3000/_next/static/chunks/node_modules_next_dist_115brz8._.js:3272
[52085246ms] [ERROR] Failed to load resource: net::ERR_INTERNET_DISCONNECTED @ https://midvxgfzwwivxhwhhbak.supabase.co/auth/v1/token?grant_type=refresh_token:0
[52085247ms] [ERROR] TypeError: Failed to fetch
    at push.resolveFetch (http://localhost:3000/_next/static/chunks/node_modules_%40supabase_auth-js_dist_module_0.pzobh._.js:618:23)
    at _handleRequest (http://localhost:3000/_next/static/chunks/node_modules_%40supabase_auth-js_dist_module_0.pzobh._.js:1000:24)
    at _request (http://localhost:3000/_next/static/chunks/node_modules_%40supabase_auth-js_dist_module_0.pzobh._.js:987:24)
    at http://localhost:3000/_next/static/chunks/node_modules_%40supabase_auth-js_dist_module_0.pzobh._.js:7737:220
    at async http://localhost:3000/_next/static/chunks/node_modules_%40supabase_auth-js_dist_module_0.pzobh._.js:693:36 @ http://localhost:3000/_next/static/chunks/node_modules_next_dist_115brz8._.js:3272
[52089584ms] [ERROR] Failed to load resource: net::ERR_INTERNET_DISCONNECTED @ https://midvxgfzwwivxhwhhbak.supabase.co/auth/v1/token?grant_type=refresh_token:0
[52089584ms] [ERROR] TypeError: Failed to fetch
    at push.resolveFetch (http://localhost:3000/_next/static/chunks/node_modules_%40supabase_auth-js_dist_module_0.pzobh._.js:618:23)
    at _handleRequest (http://localhost:3000/_next/static/chunks/node_modules_%40supabase_auth-js_dist_module_0.pzobh._.js:1000:24)
    at _request (http://localhost:3000/_next/static/chunks/node_modules_%40supabase_auth-js_dist_module_0.pzobh._.js:987:24)
    at http://localhost:3000/_next/static/chunks/node_modules_%40supabase_auth-js_dist_module_0.pzobh._.js:7737:220
    at http://localhost:3000/_next/static/chunks/node_modules_%40supabase_auth-js_dist_module_0.pzobh._.js:693:42
    at http://localhost:3000/_next/static/chunks/node_modules_%40supabase_auth-js_dist_module_0.pzobh._.js:705:11
    at new Promise (<anonymous>)
    at retryable (http://localhost:3000/_next/static/chunks/node_modules_%40supabase_auth-js_dist_module_0.pzobh._.js:687:21)
    at SupabaseAuthClient._refreshAccessToken (http://localhost:3000/_next/static/chunks/node_modules_%40supabase_auth-js_dist_module_0.pzobh._.js:7732:219)
    at SupabaseAuthClient._callRefreshToken (http://localhost:3000/_next/static/chunks/node_modules_%40supabase_auth-js_dist_module_0.pzobh._.js:7909:48)
    at async SupabaseAuthClient.__loadSession (http://localhost:3000/_next/static/chunks/node_modules_%40supabase_auth-js_dist_module_0.pzobh._.js:6215:46)
    at async SupabaseAuthClient._useSession (http://localhost:3000/_next/static/chunks/node_modules_%40supabase_auth-js_dist_module_0.pzobh._.js:6144:28)
    at async SupabaseAuthClient._autoRefreshTokenTick (http://localhost:3000/_next/static/chunks/node_modules_%40supabase_auth-js_dist_module_0.pzobh._.js:8302:17) @ http://localhost:3000/_next/static/chunks/node_modules_next_dist_115brz8._.js:3272
[52089820ms] [ERROR] Failed to load resource: net::ERR_INTERNET_DISCONNECTED @ https://midvxgfzwwivxhwhhbak.supabase.co/auth/v1/token?grant_type=refresh_token:0
[52089821ms] [ERROR] TypeError: Failed to fetch
    at push.resolveFetch (http://localhost:3000/_next/static/chunks/node_modules_%40supabase_auth-js_dist_module_0.pzobh._.js:618:23)
    at _handleRequest (http://localhost:3000/_next/static/chunks/node_modules_%40supabase_auth-js_dist_module_0.pzobh._.js:1000:24)
    at _request (http://localhost:3000/_next/static/chunks/node_modules_%40supabase_auth-js_dist_module_0.pzobh._.js:987:24)
    at http://localhost:3000/_next/static/chunks/node_modules_%40supabase_auth-js_dist_module_0.pzobh._.js:7737:220
    at async http://localhost:3000/_next/static/chunks/node_modules_%40supabase_auth-js_dist_module_0.pzobh._.js:693:36 @ http://localhost:3000/_next/static/chunks/node_modules_next_dist_115brz8._.js:3272
[52090249ms] [ERROR] Failed to load resource: net::ERR_INTERNET_DISCONNECTED @ https://midvxgfzwwivxhwhhbak.supabase.co/auth/v1/token?grant_type=refresh_token:0
[52090250ms] [ERROR] TypeError: Failed to fetch
    at push.resolveFetch (http://localhost:3000/_next/static/chunks/node_modules_%40supabase_auth-js_dist_module_0.pzobh._.js:618:23)
    at _handleRequest (http://localhost:3000/_next/static/chunks/node_modules_%40supabase_auth-js_dist_module_0.pzobh._.js:1000:24)
    at _request (http://localhost:3000/_next/static/chunks/node_modules_%40supabase_auth-js_dist_module_0.pzobh._.js:987:24)
    at http://localhost:3000/_next/static/chunks/node_modules_%40supabase_auth-js_dist_module_0.pzobh._.js:7737:220
    at async http://localhost:3000/_next/static/chunks/node_modules_%40supabase_auth-js_dist_module_0.pzobh._.js:693:36 @ http://localhost:3000/_next/static/chunks/node_modules_next_dist_115brz8._.js:3272
[52091082ms] [ERROR] Failed to load resource: net::ERR_INTERNET_DISCONNECTED @ https://midvxgfzwwivxhwhhbak.supabase.co/auth/v1/token?grant_type=refresh_token:0
[52091083ms] [ERROR] TypeError: Failed to fetch
    at push.resolveFetch (http://localhost:3000/_next/static/chunks/node_modules_%40supabase_auth-js_dist_module_0.pzobh._.js:618:23)
    at _handleRequest (http://localhost:3000/_next/static/chunks/node_modules_%40supabase_auth-js_dist_module_0.pzobh._.js:1000:24)
    at _request (http://localhost:3000/_next/static/chunks/node_modules_%40supabase_auth-js_dist_module_0.pzobh._.js:987:24)
    at http://localhost:3000/_next/static/chunks/node_modules_%40supabase_auth-js_dist_module_0.pzobh._.js:7737:220
    at async http://localhost:3000/_next/static/chunks/node_modules_%40supabase_auth-js_dist_module_0.pzobh._.js:693:36 @ http://localhost:3000/_next/static/chunks/node_modules_next_dist_115brz8._.js:3272
[52092722ms] [ERROR] Failed to load resource: net::ERR_INTERNET_DISCONNECTED @ https://midvxgfzwwivxhwhhbak.supabase.co/auth/v1/token?grant_type=refresh_token:0
[52092723ms] [ERROR] TypeError: Failed to fetch
    at push.resolveFetch (http://localhost:3000/_next/static/chunks/node_modules_%40supabase_auth-js_dist_module_0.pzobh._.js:618:23)
    at _handleRequest (http://localhost:3000/_next/static/chunks/node_modules_%40supabase_auth-js_dist_module_0.pzobh._.js:1000:24)
    at _request (http://localhost:3000/_next/static/chunks/node_modules_%40supabase_auth-js_dist_module_0.pzobh._.js:987:24)
    at http://localhost:3000/_next/static/chunks/node_modules_%40supabase_auth-js_dist_module_0.pzobh._.js:7737:220
    at async http://localhost:3000/_next/static/chunks/node_modules_%40supabase_auth-js_dist_module_0.pzobh._.js:693:36 @ http://localhost:3000/_next/static/chunks/node_modules_next_dist_115brz8._.js:3272
[52095951ms] [ERROR] Failed to load resource: net::ERR_INTERNET_DISCONNECTED @ https://midvxgfzwwivxhwhhbak.supabase.co/auth/v1/token?grant_type=refresh_token:0
[52095952ms] [ERROR] TypeError: Failed to fetch
    at push.resolveFetch (http://localhost:3000/_next/static/chunks/node_modules_%40supabase_auth-js_dist_module_0.pzobh._.js:618:23)
    at _handleRequest (http://localhost:3000/_next/static/chunks/node_modules_%40supabase_auth-js_dist_module_0.pzobh._.js:1000:24)
    at _request (http://localhost:3000/_next/static/chunks/node_modules_%40supabase_auth-js_dist_module_0.pzobh._.js:987:24)
    at http://localhost:3000/_next/static/chunks/node_modules_%40supabase_auth-js_dist_module_0.pzobh._.js:7737:220
    at async http://localhost:3000/_next/static/chunks/node_modules_%40supabase_auth-js_dist_module_0.pzobh._.js:693:36 @ http://localhost:3000/_next/static/chunks/node_modules_next_dist_115brz8._.js:3272
[52102379ms] [ERROR] Failed to load resource: net::ERR_INTERNET_DISCONNECTED @ https://midvxgfzwwivxhwhhbak.supabase.co/auth/v1/token?grant_type=refresh_token:0
[52102380ms] [ERROR] TypeError: Failed to fetch
    at push.resolveFetch (http://localhost:3000/_next/static/chunks/node_modules_%40supabase_auth-js_dist_module_0.pzobh._.js:618:23)
    at _handleRequest (http://localhost:3000/_next/static/chunks/node_modules_%40supabase_auth-js_dist_module_0.pzobh._.js:1000:24)
    at _request (http://localhost:3000/_next/static/chunks/node_modules_%40supabase_auth-js_dist_module_0.pzobh._.js:987:24)
    at http://localhost:3000/_next/static/chunks/node_modules_%40supabase_auth-js_dist_module_0.pzobh._.js:7737:220
    at async http://localhost:3000/_next/static/chunks/node_modules_%40supabase_auth-js_dist_module_0.pzobh._.js:693:36 @ http://localhost:3000/_next/static/chunks/node_modules_next_dist_115brz8._.js:3272
[52115205ms] [ERROR] Failed to load resource: net::ERR_INTERNET_DISCONNECTED @ https://midvxgfzwwivxhwhhbak.supabase.co/auth/v1/token?grant_type=refresh_token:0
[52115206ms] [ERROR] TypeError: Failed to fetch
    at push.resolveFetch (http://localhost:3000/_next/static/chunks/node_modules_%40supabase_auth-js_dist_module_0.pzobh._.js:618:23)
    at _handleRequest (http://localhost:3000/_next/static/chunks/node_modules_%40supabase_auth-js_dist_module_0.pzobh._.js:1000:24)
    at _request (http://localhost:3000/_next/static/chunks/node_modules_%40supabase_auth-js_dist_module_0.pzobh._.js:987:24)
    at http://localhost:3000/_next/static/chunks/node_modules_%40supabase_auth-js_dist_module_0.pzobh._.js:7737:220
    at async http://localhost:3000/_next/static/chunks/node_modules_%40supabase_auth-js_dist_module_0.pzobh._.js:693:36 @ http://localhost:3000/_next/static/chunks/node_modules_next_dist_115brz8._.js:3272
[52119602ms] [ERROR] Failed to load resource: net::ERR_INTERNET_DISCONNECTED @ https://midvxgfzwwivxhwhhbak.supabase.co/auth/v1/token?grant_type=refresh_token:0
[52119603ms] [ERROR] TypeError: Failed to fetch
    at push.resolveFetch (http://localhost:3000/_next/static/chunks/node_modules_%40supabase_auth-js_dist_module_0.pzobh._.js:618:23)
    at _handleRequest (http://localhost:3000/_next/static/chunks/node_modules_%40supabase_auth-js_dist_module_0.pzobh._.js:1000:24)
    at _request (http://localhost:3000/_next/static/chunks/node_modules_%40supabase_auth-js_dist_module_0.pzobh._.js:987:24)
    at http://localhost:3000/_next/static/chunks/node_modules_%40supabase_auth-js_dist_module_0.pzobh._.js:7737:220
    at http://localhost:3000/_next/static/chunks/node_modules_%40supabase_auth-js_dist_module_0.pzobh._.js:693:42
    at http://localhost:3000/_next/static/chunks/node_modules_%40supabase_auth-js_dist_module_0.pzobh._.js:705:11
    at new Promise (<anonymous>)
    at retryable (http://localhost:3000/_next/static/chunks/node_modules_%40supabase_auth-js_dist_module_0.pzobh._.js:687:21)
    at SupabaseAuthClient._refreshAccessToken (http://localhost:3000/_next/static/chunks/node_modules_%40supabase_auth-js_dist_module_0.pzobh._.js:7732:219)
    at SupabaseAuthClient._callRefreshToken (http://localhost:3000/_next/static/chunks/node_modules_%40supabase_auth-js_dist_module_0.pzobh._.js:7909:48)
    at async SupabaseAuthClient.__loadSession (http://localhost:3000/_next/static/chunks/node_modules_%40supabase_auth-js_dist_module_0.pzobh._.js:6215:46)
    at async SupabaseAuthClient._useSession (http://localhost:3000/_next/static/chunks/node_modules_%40supabase_auth-js_dist_module_0.pzobh._.js:6144:28)
    at async SupabaseAuthClient._autoRefreshTokenTick (http://localhost:3000/_next/static/chunks/node_modules_%40supabase_auth-js_dist_module_0.pzobh._.js:8302:17) @ http://localhost:3000/_next/static/chunks/node_modules_next_dist_115brz8._.js:3272
[52119850ms] [ERROR] Failed to load resource: net::ERR_INTERNET_DISCONNECTED @ https://midvxgfzwwivxhwhhbak.supabase.co/auth/v1/token?grant_type=refresh_token:0
[52119850ms] [ERROR] TypeError: Failed to fetch
    at push.resolveFetch (http://localhost:3000/_next/static/chunks/node_modules_%40supabase_auth-js_dist_module_0.pzobh._.js:618:23)
    at _handleRequest (http://localhost:3000/_next/static/chunks/node_modules_%40supabase_auth-js_dist_module_0.pzobh._.js:1000:24)
    at _request (http://localhost:3000/_next/static/chunks/node_modules_%40supabase_auth-js_dist_module_0.pzobh._.js:987:24)
    at http://localhost:3000/_next/static/chunks/node_modules_%40supabase_auth-js_dist_module_0.pzobh._.js:7737:220
    at async http://localhost:3000/_next/static/chunks/node_modules_%40supabase_auth-js_dist_module_0.pzobh._.js:693:36 @ http://localhost:3000/_next/static/chunks/node_modules_next_dist_115brz8._.js:3272
[52120280ms] [ERROR] Failed to load resource: net::ERR_INTERNET_DISCONNECTED @ https://midvxgfzwwivxhwhhbak.supabase.co/auth/v1/token?grant_type=refresh_token:0
[52120281ms] [ERROR] TypeError: Failed to fetch
    at push.resolveFetch (http://localhost:3000/_next/static/chunks/node_modules_%40supabase_auth-js_dist_module_0.pzobh._.js:618:23)
    at _handleRequest (http://localhost:3000/_next/static/chunks/node_modules_%40supabase_auth-js_dist_module_0.pzobh._.js:1000:24)
    at _request (http://localhost:3000/_next/static/chunks/node_modules_%40supabase_auth-js_dist_module_0.pzobh._.js:987:24)
    at http://localhost:3000/_next/static/chunks/node_modules_%40supabase_auth-js_dist_module_0.pzobh._.js:7737:220
    at async http://localhost:3000/_next/static/chunks/node_modules_%40supabase_auth-js_dist_module_0.pzobh._.js:693:36 @ http://localhost:3000/_next/static/chunks/node_modules_next_dist_115brz8._.js:3272
[52121114ms] [ERROR] Failed to load resource: net::ERR_INTERNET_DISCONNECTED @ https://midvxgfzwwivxhwhhbak.supabase.co/auth/v1/token?grant_type=refresh_token:0
[52121114ms] [ERROR] TypeError: Failed to fetch
    at push.resolveFetch (http://localhost:3000/_next/static/chunks/node_modules_%40supabase_auth-js_dist_module_0.pzobh._.js:618:23)
    at _handleRequest (http://localhost:3000/_next/static/chunks/node_modules_%40supabase_auth-js_dist_module_0.pzobh._.js:1000:24)
    at _request (http://localhost:3000/_next/static/chunks/node_modules_%40supabase_auth-js_dist_module_0.pzobh._.js:987:24)
    at http://localhost:3000/_next/static/chunks/node_modules_%40supabase_auth-js_dist_module_0.pzobh._.js:7737:220
    at async http://localhost:3000/_next/static/chunks/node_modules_%40supabase_auth-js_dist_module_0.pzobh._.js:693:36 @ http://localhost:3000/_next/static/chunks/node_modules_next_dist_115brz8._.js:3272
[52122769ms] [ERROR] Failed to load resource: net::ERR_INTERNET_DISCONNECTED @ https://midvxgfzwwivxhwhhbak.supabase.co/auth/v1/token?grant_type=refresh_token:0
[52122770ms] [ERROR] TypeError: Failed to fetch
    at push.resolveFetch (http://localhost:3000/_next/static/chunks/node_modules_%40supabase_auth-js_dist_module_0.pzobh._.js:618:23)
    at _handleRequest (http://localhost:3000/_next/static/chunks/node_modules_%40supabase_auth-js_dist_module_0.pzobh._.js:1000:24)
    at _request (http://localhost:3000/_next/static/chunks/node_modules_%40supabase_auth-js_dist_module_0.pzobh._.js:987:24)
    at http://localhost:3000/_next/static/chunks/node_modules_%40supabase_auth-js_dist_module_0.pzobh._.js:7737:220
    at async http://localhost:3000/_next/static/chunks/node_modules_%40supabase_auth-js_dist_module_0.pzobh._.js:693:36 @ http://localhost:3000/_next/static/chunks/node_modules_next_dist_115brz8._.js:3272
[52126028ms] [ERROR] Failed to load resource: net::ERR_INTERNET_DISCONNECTED @ https://midvxgfzwwivxhwhhbak.supabase.co/auth/v1/token?grant_type=refresh_token:0
[52126029ms] [ERROR] TypeError: Failed to fetch
    at push.resolveFetch (http://localhost:3000/_next/static/chunks/node_modules_%40supabase_auth-js_dist_module_0.pzobh._.js:618:23)
    at _handleRequest (http://localhost:3000/_next/static/chunks/node_modules_%40supabase_auth-js_dist_module_0.pzobh._.js:1000:24)
    at _request (http://localhost:3000/_next/static/chunks/node_modules_%40supabase_auth-js_dist_module_0.pzobh._.js:987:24)
    at http://localhost:3000/_next/static/chunks/node_modules_%40supabase_auth-js_dist_module_0.pzobh._.js:7737:220
    at async http://localhost:3000/_next/static/chunks/node_modules_%40supabase_auth-js_dist_module_0.pzobh._.js:693:36 @ http://localhost:3000/_next/static/chunks/node_modules_next_dist_115brz8._.js:3272
[52132476ms] [ERROR] Failed to load resource: net::ERR_INTERNET_DISCONNECTED @ https://midvxgfzwwivxhwhhbak.supabase.co/auth/v1/token?grant_type=refresh_token:0
[52132476ms] [ERROR] TypeError: Failed to fetch
    at push.resolveFetch (http://localhost:3000/_next/static/chunks/node_modules_%40supabase_auth-js_dist_module_0.pzobh._.js:618:23)
    at _handleRequest (http://localhost:3000/_next/static/chunks/node_modules_%40supabase_auth-js_dist_module_0.pzobh._.js:1000:24)
    at _request (http://localhost:3000/_next/static/chunks/node_modules_%40supabase_auth-js_dist_module_0.pzobh._.js:987:24)
    at http://localhost:3000/_next/static/chunks/node_modules_%40supabase_auth-js_dist_module_0.pzobh._.js:7737:220
    at async http://localhost:3000/_next/static/chunks/node_modules_%40supabase_auth-js_dist_module_0.pzobh._.js:693:36 @ http://localhost:3000/_next/static/chunks/node_modules_next_dist_115brz8._.js:3272
[52145299ms] [ERROR] Failed to load resource: net::ERR_INTERNET_DISCONNECTED @ https://midvxgfzwwivxhwhhbak.supabase.co/auth/v1/token?grant_type=refresh_token:0
[52145299ms] [ERROR] TypeError: Failed to fetch
    at push.resolveFetch (http://localhost:3000/_next/static/chunks/node_modules_%40supabase_auth-js_dist_module_0.pzobh._.js:618:23)
    at _handleRequest (http://localhost:3000/_next/static/chunks/node_modules_%40supabase_auth-js_dist_module_0.pzobh._.js:1000:24)
    at _request (http://localhost:3000/_next/static/chunks/node_modules_%40supabase_auth-js_dist_module_0.pzobh._.js:987:24)
    at http://localhost:3000/_next/static/chunks/node_modules_%40supabase_auth-js_dist_module_0.pzobh._.js:7737:220
    at async http://localhost:3000/_next/static/chunks/node_modules_%40supabase_auth-js_dist_module_0.pzobh._.js:693:36 @ http://localhost:3000/_next/static/chunks/node_modules_next_dist_115brz8._.js:3272
[52149573ms] [ERROR] Failed to load resource: net::ERR_INTERNET_DISCONNECTED @ https://midvxgfzwwivxhwhhbak.supabase.co/auth/v1/token?grant_type=refresh_token:0
[52149573ms] [ERROR] TypeError: Failed to fetch
    at push.resolveFetch (http://localhost:3000/_next/static/chunks/node_modules_%40supabase_auth-js_dist_module_0.pzobh._.js:618:23)
    at _handleRequest (http://localhost:3000/_next/static/chunks/node_modules_%40supabase_auth-js_dist_module_0.pzobh._.js:1000:24)
    at _request (http://localhost:3000/_next/static/chunks/node_modules_%40supabase_auth-js_dist_module_0.pzobh._.js:987:24)
    at http://localhost:3000/_next/static/chunks/node_modules_%40supabase_auth-js_dist_module_0.pzobh._.js:7737:220
    at http://localhost:3000/_next/static/chunks/node_modules_%40supabase_auth-js_dist_module_0.pzobh._.js:693:42
    at http://localhost:3000/_next/static/chunks/node_modules_%40supabase_auth-js_dist_module_0.pzobh._.js:705:11
    at new Promise (<anonymous>)
    at retryable (http://localhost:3000/_next/static/chunks/node_modules_%40supabase_auth-js_dist_module_0.pzobh._.js:687:21)
    at SupabaseAuthClient._refreshAccessToken (http://localhost:3000/_next/static/chunks/node_modules_%40supabase_auth-js_dist_module_0.pzobh._.js:7732:219)
    at SupabaseAuthClient._callRefreshToken (http://localhost:3000/_next/static/chunks/node_modules_%40supabase_auth-js_dist_module_0.pzobh._.js:7909:48)
    at async SupabaseAuthClient.__loadSession (http://localhost:3000/_next/static/chunks/node_modules_%40supabase_auth-js_dist_module_0.pzobh._.js:6215:46)
    at async SupabaseAuthClient._useSession (http://localhost:3000/_next/static/chunks/node_modules_%40supabase_auth-js_dist_module_0.pzobh._.js:6144:28)
    at async SupabaseAuthClient._autoRefreshTokenTick (http://localhost:3000/_next/static/chunks/node_modules_%40supabase_auth-js_dist_module_0.pzobh._.js:8302:17) @ http://localhost:3000/_next/static/chunks/node_modules_next_dist_115brz8._.js:3272
[52149807ms] [ERROR] Failed to load resource: net::ERR_INTERNET_DISCONNECTED @ https://midvxgfzwwivxhwhhbak.supabase.co/auth/v1/token?grant_type=refresh_token:0
[52149808ms] [ERROR] TypeError: Failed to fetch
    at push.resolveFetch (http://localhost:3000/_next/static/chunks/node_modules_%40supabase_auth-js_dist_module_0.pzobh._.js:618:23)
    at _handleRequest (http://localhost:3000/_next/static/chunks/node_modules_%40supabase_auth-js_dist_module_0.pzobh._.js:1000:24)
    at _request (http://localhost:3000/_next/static/chunks/node_modules_%40supabase_auth-js_dist_module_0.pzobh._.js:987:24)
    at http://localhost:3000/_next/static/chunks/node_modules_%40supabase_auth-js_dist_module_0.pzobh._.js:7737:220
    at async http://localhost:3000/_next/static/chunks/node_modules_%40supabase_auth-js_dist_module_0.pzobh._.js:693:36 @ http://localhost:3000/_next/static/chunks/node_modules_next_dist_115brz8._.js:3272
[52150226ms] [ERROR] Failed to load resource: net::ERR_INTERNET_DISCONNECTED @ https://midvxgfzwwivxhwhhbak.supabase.co/auth/v1/token?grant_type=refresh_token:0
[52150226ms] [ERROR] TypeError: Failed to fetch
    at push.resolveFetch (http://localhost:3000/_next/static/chunks/node_modules_%40supabase_auth-js_dist_module_0.pzobh._.js:618:23)
    at _handleRequest (http://localhost:3000/_next/static/chunks/node_modules_%40supabase_auth-js_dist_module_0.pzobh._.js:1000:24)
    at _request (http://localhost:3000/_next/static/chunks/node_modules_%40supabase_auth-js_dist_module_0.pzobh._.js:987:24)
    at http://localhost:3000/_next/static/chunks/node_modules_%40supabase_auth-js_dist_module_0.pzobh._.js:7737:220
    at async http://localhost:3000/_next/static/chunks/node_modules_%40supabase_auth-js_dist_module_0.pzobh._.js:693:36 @ http://localhost:3000/_next/static/chunks/node_modules_next_dist_115brz8._.js:3272
[52151047ms] [ERROR] Failed to load resource: net::ERR_INTERNET_DISCONNECTED @ https://midvxgfzwwivxhwhhbak.supabase.co/auth/v1/token?grant_type=refresh_token:0
[52151047ms] [ERROR] TypeError: Failed to fetch
    at push.resolveFetch (http://localhost:3000/_next/static/chunks/node_modules_%40supabase_auth-js_dist_module_0.pzobh._.js:618:23)
    at _handleRequest (http://localhost:3000/_next/static/chunks/node_modules_%40supabase_auth-js_dist_module_0.pzobh._.js:1000:24)
    at _request (http://localhost:3000/_next/static/chunks/node_modules_%40supabase_auth-js_dist_module_0.pzobh._.js:987:24)
    at http://localhost:3000/_next/static/chunks/node_modules_%40supabase_auth-js_dist_module_0.pzobh._.js:7737:220
    at async http://localhost:3000/_next/static/chunks/node_modules_%40supabase_auth-js_dist_module_0.pzobh._.js:693:36 @ http://localhost:3000/_next/static/chunks/node_modules_next_dist_115brz8._.js:3272
[52152687ms] [ERROR] Failed to load resource: net::ERR_INTERNET_DISCONNECTED @ https://midvxgfzwwivxhwhhbak.supabase.co/auth/v1/token?grant_type=refresh_token:0
[52152687ms] [ERROR] TypeError: Failed to fetch
    at push.resolveFetch (http://localhost:3000/_next/static/chunks/node_modules_%40supabase_auth-js_dist_module_0.pzobh._.js:618:23)
    at _handleRequest (http://localhost:3000/_next/static/chunks/node_modules_%40supabase_auth-js_dist_module_0.pzobh._.js:1000:24)
    at _request (http://localhost:3000/_next/static/chunks/node_modules_%40supabase_auth-js_dist_module_0.pzobh._.js:987:24)
    at http://localhost:3000/_next/static/chunks/node_modules_%40supabase_auth-js_dist_module_0.pzobh._.js:7737:220
    at async http://localhost:3000/_next/static/chunks/node_modules_%40supabase_auth-js_dist_module_0.pzobh._.js:693:36 @ http://localhost:3000/_next/static/chunks/node_modules_next_dist_115brz8._.js:3272
[52155993ms] [ERROR] Failed to load resource: net::ERR_INTERNET_DISCONNECTED @ https://midvxgfzwwivxhwhhbak.supabase.co/auth/v1/token?grant_type=refresh_token:0
[52156015ms] [ERROR] TypeError: Failed to fetch
    at push.resolveFetch (http://localhost:3000/_next/static/chunks/node_modules_%40supabase_auth-js_dist_module_0.pzobh._.js:618:23)
    at _handleRequest (http://localhost:3000/_next/static/chunks/node_modules_%40supabase_auth-js_dist_module_0.pzobh._.js:1000:24)
    at _request (http://localhost:3000/_next/static/chunks/node_modules_%40supabase_auth-js_dist_module_0.pzobh._.js:987:24)
    at http://localhost:3000/_next/static/chunks/node_modules_%40supabase_auth-js_dist_module_0.pzobh._.js:7737:220
    at async http://localhost:3000/_next/static/chunks/node_modules_%40supabase_auth-js_dist_module_0.pzobh._.js:693:36 @ http://localhost:3000/_next/static/chunks/node_modules_next_dist_115brz8._.js:3272
[52162492ms] [ERROR] Failed to load resource: net::ERR_INTERNET_DISCONNECTED @ https://midvxgfzwwivxhwhhbak.supabase.co/auth/v1/token?grant_type=refresh_token:0
[52162493ms] [ERROR] TypeError: Failed to fetch
    at push.resolveFetch (http://localhost:3000/_next/static/chunks/node_modules_%40supabase_auth-js_dist_module_0.pzobh._.js:618:23)
    at _handleRequest (http://localhost:3000/_next/static/chunks/node_modules_%40supabase_auth-js_dist_module_0.pzobh._.js:1000:24)
    at _request (http://localhost:3000/_next/static/chunks/node_modules_%40supabase_auth-js_dist_module_0.pzobh._.js:987:24)
    at http://localhost:3000/_next/static/chunks/node_modules_%40supabase_auth-js_dist_module_0.pzobh._.js:7737:220
    at async http://localhost:3000/_next/static/chunks/node_modules_%40supabase_auth-js_dist_module_0.pzobh._.js:693:36 @ http://localhost:3000/_next/static/chunks/node_modules_next_dist_115brz8._.js:3272
[52175332ms] [ERROR] Failed to load resource: net::ERR_INTERNET_DISCONNECTED @ https://midvxgfzwwivxhwhhbak.supabase.co/auth/v1/token?grant_type=refresh_token:0
[52175332ms] [ERROR] TypeError: Failed to fetch
    at push.resolveFetch (http://localhost:3000/_next/static/chunks/node_modules_%40supabase_auth-js_dist_module_0.pzobh._.js:618:23)
    at _handleRequest (http://localhost:3000/_next/static/chunks/node_modules_%40supabase_auth-js_dist_module_0.pzobh._.js:1000:24)
    at _request (http://localhost:3000/_next/static/chunks/node_modules_%40supabase_auth-js_dist_module_0.pzobh._.js:987:24)
    at http://localhost:3000/_next/static/chunks/node_modules_%40supabase_auth-js_dist_module_0.pzobh._.js:7737:220
    at async http://localhost:3000/_next/static/chunks/node_modules_%40supabase_auth-js_dist_module_0.pzobh._.js:693:36 @ http://localhost:3000/_next/static/chunks/node_modules_next_dist_115brz8._.js:3272
[52179640ms] [ERROR] Failed to load resource: net::ERR_INTERNET_DISCONNECTED @ https://midvxgfzwwivxhwhhbak.supabase.co/auth/v1/token?grant_type=refresh_token:0
[52179645ms] [ERROR] TypeError: Failed to fetch
    at push.resolveFetch (http://localhost:3000/_next/static/chunks/node_modules_%40supabase_auth-js_dist_module_0.pzobh._.js:618:23)
    at _handleRequest (http://localhost:3000/_next/static/chunks/node_modules_%40supabase_auth-js_dist_module_0.pzobh._.js:1000:24)
    at _request (http://localhost:3000/_next/static/chunks/node_modules_%40supabase_auth-js_dist_module_0.pzobh._.js:987:24)
    at http://localhost:3000/_next/static/chunks/node_modules_%40supabase_auth-js_dist_module_0.pzobh._.js:7737:220
    at http://localhost:3000/_next/static/chunks/node_modules_%40supabase_auth-js_dist_module_0.pzobh._.js:693:42
    at http://localhost:3000/_next/static/chunks/node_modules_%40supabase_auth-js_dist_module_0.pzobh._.js:705:11
    at new Promise (<anonymous>)
    at retryable (http://localhost:3000/_next/static/chunks/node_modules_%40supabase_auth-js_dist_module_0.pzobh._.js:687:21)
    at SupabaseAuthClient._refreshAccessToken (http://localhost:3000/_next/static/chunks/node_modules_%40supabase_auth-js_dist_module_0.pzobh._.js:7732:219)
    at SupabaseAuthClient._callRefreshToken (http://localhost:3000/_next/static/chunks/node_modules_%40supabase_auth-js_dist_module_0.pzobh._.js:7909:48)
    at async SupabaseAuthClient.__loadSession (http://localhost:3000/_next/static/chunks/node_modules_%40supabase_auth-js_dist_module_0.pzobh._.js:6215:46)
    at async SupabaseAuthClient._useSession (http://localhost:3000/_next/static/chunks/node_modules_%40supabase_auth-js_dist_module_0.pzobh._.js:6144:28)
    at async SupabaseAuthClient._autoRefreshTokenTick (http://localhost:3000/_next/static/chunks/node_modules_%40supabase_auth-js_dist_module_0.pzobh._.js:8302:17) @ http://localhost:3000/_next/static/chunks/node_modules_next_dist_115brz8._.js:3272
[52179902ms] [ERROR] Failed to load resource: net::ERR_INTERNET_DISCONNECTED @ https://midvxgfzwwivxhwhhbak.supabase.co/auth/v1/token?grant_type=refresh_token:0
[52179903ms] [ERROR] TypeError: Failed to fetch
    at push.resolveFetch (http://localhost:3000/_next/static/chunks/node_modules_%40supabase_auth-js_dist_module_0.pzobh._.js:618:23)
    at _handleRequest (http://localhost:3000/_next/static/chunks/node_modules_%40supabase_auth-js_dist_module_0.pzobh._.js:1000:24)
    at _request (http://localhost:3000/_next/static/chunks/node_modules_%40supabase_auth-js_dist_module_0.pzobh._.js:987:24)
    at http://localhost:3000/_next/static/chunks/node_modules_%40supabase_auth-js_dist_module_0.pzobh._.js:7737:220
    at async http://localhost:3000/_next/static/chunks/node_modules_%40supabase_auth-js_dist_module_0.pzobh._.js:693:36 @ http://localhost:3000/_next/static/chunks/node_modules_next_dist_115brz8._.js:3272
[52180334ms] [ERROR] Failed to load resource: net::ERR_INTERNET_DISCONNECTED @ https://midvxgfzwwivxhwhhbak.supabase.co/auth/v1/token?grant_type=refresh_token:0
[52180335ms] [ERROR] TypeError: Failed to fetch
    at push.resolveFetch (http://localhost:3000/_next/static/chunks/node_modules_%40supabase_auth-js_dist_module_0.pzobh._.js:618:23)
    at _handleRequest (http://localhost:3000/_next/static/chunks/node_modules_%40supabase_auth-js_dist_module_0.pzobh._.js:1000:24)
    at _request (http://localhost:3000/_next/static/chunks/node_modules_%40supabase_auth-js_dist_module_0.pzobh._.js:987:24)
    at http://localhost:3000/_next/static/chunks/node_modules_%40supabase_auth-js_dist_module_0.pzobh._.js:7737:220
    at async http://localhost:3000/_next/static/chunks/node_modules_%40supabase_auth-js_dist_module_0.pzobh._.js:693:36 @ http://localhost:3000/_next/static/chunks/node_modules_next_dist_115brz8._.js:3272
[52181166ms] [ERROR] Failed to load resource: net::ERR_INTERNET_DISCONNECTED @ https://midvxgfzwwivxhwhhbak.supabase.co/auth/v1/token?grant_type=refresh_token:0
[52181170ms] [ERROR] TypeError: Failed to fetch
    at push.resolveFetch (http://localhost:3000/_next/static/chunks/node_modules_%40supabase_auth-js_dist_module_0.pzobh._.js:618:23)
    at _handleRequest (http://localhost:3000/_next/static/chunks/node_modules_%40supabase_auth-js_dist_module_0.pzobh._.js:1000:24)
    at _request (http://localhost:3000/_next/static/chunks/node_modules_%40supabase_auth-js_dist_module_0.pzobh._.js:987:24)
    at http://localhost:3000/_next/static/chunks/node_modules_%40supabase_auth-js_dist_module_0.pzobh._.js:7737:220
    at async http://localhost:3000/_next/static/chunks/node_modules_%40supabase_auth-js_dist_module_0.pzobh._.js:693:36 @ http://localhost:3000/_next/static/chunks/node_modules_next_dist_115brz8._.js:3272
[52182860ms] [ERROR] Failed to load resource: net::ERR_INTERNET_DISCONNECTED @ https://midvxgfzwwivxhwhhbak.supabase.co/auth/v1/token?grant_type=refresh_token:0
[52182860ms] [ERROR] TypeError: Failed to fetch
    at push.resolveFetch (http://localhost:3000/_next/static/chunks/node_modules_%40supabase_auth-js_dist_module_0.pzobh._.js:618:23)
    at _handleRequest (http://localhost:3000/_next/static/chunks/node_modules_%40supabase_auth-js_dist_module_0.pzobh._.js:1000:24)
    at _request (http://localhost:3000/_next/static/chunks/node_modules_%40supabase_auth-js_dist_module_0.pzobh._.js:987:24)
    at http://localhost:3000/_next/static/chunks/node_modules_%40supabase_auth-js_dist_module_0.pzobh._.js:7737:220
    at async http://localhost:3000/_next/static/chunks/node_modules_%40supabase_auth-js_dist_module_0.pzobh._.js:693:36 @ http://localhost:3000/_next/static/chunks/node_modules_next_dist_115brz8._.js:3272
[52186094ms] [ERROR] Failed to load resource: net::ERR_INTERNET_DISCONNECTED @ https://midvxgfzwwivxhwhhbak.supabase.co/auth/v1/token?grant_type=refresh_token:0
[52186094ms] [ERROR] TypeError: Failed to fetch
    at push.resolveFetch (http://localhost:3000/_next/static/chunks/node_modules_%40supabase_auth-js_dist_module_0.pzobh._.js:618:23)
    at _handleRequest (http://localhost:3000/_next/static/chunks/node_modules_%40supabase_auth-js_dist_module_0.pzobh._.js:1000:24)
    at _request (http://localhost:3000/_next/static/chunks/node_modules_%40supabase_auth-js_dist_module_0.pzobh._.js:987:24)
    at http://localhost:3000/_next/static/chunks/node_modules_%40supabase_auth-js_dist_module_0.pzobh._.js:7737:220
    at async http://localhost:3000/_next/static/chunks/node_modules_%40supabase_auth-js_dist_module_0.pzobh._.js:693:36 @ http://localhost:3000/_next/static/chunks/node_modules_next_dist_115brz8._.js:3272
[52192530ms] [ERROR] Failed to load resource: net::ERR_INTERNET_DISCONNECTED @ https://midvxgfzwwivxhwhhbak.supabase.co/auth/v1/token?grant_type=refresh_token:0
[52192531ms] [ERROR] TypeError: Failed to fetch
    at push.resolveFetch (http://localhost:3000/_next/static/chunks/node_modules_%40supabase_auth-js_dist_module_0.pzobh._.js:618:23)
    at _handleRequest (http://localhost:3000/_next/static/chunks/node_modules_%40supabase_auth-js_dist_module_0.pzobh._.js:1000:24)
    at _request (http://localhost:3000/_next/static/chunks/node_modules_%40supabase_auth-js_dist_module_0.pzobh._.js:987:24)
    at http://localhost:3000/_next/static/chunks/node_modules_%40supabase_auth-js_dist_module_0.pzobh._.js:7737:220
    at async http://localhost:3000/_next/static/chunks/node_modules_%40supabase_auth-js_dist_module_0.pzobh._.js:693:36 @ http://localhost:3000/_next/static/chunks/node_modules_next_dist_115brz8._.js:3272
[52205390ms] [ERROR] Failed to load resource: net::ERR_INTERNET_DISCONNECTED @ https://midvxgfzwwivxhwhhbak.supabase.co/auth/v1/token?grant_type=refresh_token:0
[52205392ms] [ERROR] TypeError: Failed to fetch
    at push.resolveFetch (http://localhost:3000/_next/static/chunks/node_modules_%40supabase_auth-js_dist_module_0.pzobh._.js:618:23)
    at _handleRequest (http://localhost:3000/_next/static/chunks/node_modules_%40supabase_auth-js_dist_module_0.pzobh._.js:1000:24)
    at _request (http://localhost:3000/_next/static/chunks/node_modules_%40supabase_auth-js_dist_module_0.pzobh._.js:987:24)
    at http://localhost:3000/_next/static/chunks/node_modules_%40supabase_auth-js_dist_module_0.pzobh._.js:7737:220
    at async http://localhost:3000/_next/static/chunks/node_modules_%40supabase_auth-js_dist_module_0.pzobh._.js:693:36 @ http://localhost:3000/_next/static/chunks/node_modules_next_dist_115brz8._.js:3272
[52209566ms] [ERROR] Failed to load resource: net::ERR_INTERNET_DISCONNECTED @ https://midvxgfzwwivxhwhhbak.supabase.co/auth/v1/token?grant_type=refresh_token:0
[52209566ms] [ERROR] TypeError: Failed to fetch
    at push.resolveFetch (http://localhost:3000/_next/static/chunks/node_modules_%40supabase_auth-js_dist_module_0.pzobh._.js:618:23)
    at _handleRequest (http://localhost:3000/_next/static/chunks/node_modules_%40supabase_auth-js_dist_module_0.pzobh._.js:1000:24)
    at _request (http://localhost:3000/_next/static/chunks/node_modules_%40supabase_auth-js_dist_module_0.pzobh._.js:987:24)
    at http://localhost:3000/_next/static/chunks/node_modules_%40supabase_auth-js_dist_module_0.pzobh._.js:7737:220
    at http://localhost:3000/_next/static/chunks/node_modules_%40supabase_auth-js_dist_module_0.pzobh._.js:693:42
    at http://localhost:3000/_next/static/chunks/node_modules_%40supabase_auth-js_dist_module_0.pzobh._.js:705:11
    at new Promise (<anonymous>)
    at retryable (http://localhost:3000/_next/static/chunks/node_modules_%40supabase_auth-js_dist_module_0.pzobh._.js:687:21)
    at SupabaseAuthClient._refreshAccessToken (http://localhost:3000/_next/static/chunks/node_modules_%40supabase_auth-js_dist_module_0.pzobh._.js:7732:219)
    at SupabaseAuthClient._callRefreshToken (http://localhost:3000/_next/static/chunks/node_modules_%40supabase_auth-js_dist_module_0.pzobh._.js:7909:48)
    at async SupabaseAuthClient.__loadSession (http://localhost:3000/_next/static/chunks/node_modules_%40supabase_auth-js_dist_module_0.pzobh._.js:6215:46)
    at async SupabaseAuthClient._useSession (http://localhost:3000/_next/static/chunks/node_modules_%40supabase_auth-js_dist_module_0.pzobh._.js:6144:28)
    at async SupabaseAuthClient._autoRefreshTokenTick (http://localhost:3000/_next/static/chunks/node_modules_%40supabase_auth-js_dist_module_0.pzobh._.js:8302:17) @ http://localhost:3000/_next/static/chunks/node_modules_next_dist_115brz8._.js:3272
[52209791ms] [ERROR] Failed to load resource: net::ERR_INTERNET_DISCONNECTED @ https://midvxgfzwwivxhwhhbak.supabase.co/auth/v1/token?grant_type=refresh_token:0
[52209791ms] [ERROR] TypeError: Failed to fetch
    at push.resolveFetch (http://localhost:3000/_next/static/chunks/node_modules_%40supabase_auth-js_dist_module_0.pzobh._.js:618:23)
    at _handleRequest (http://localhost:3000/_next/static/chunks/node_modules_%40supabase_auth-js_dist_module_0.pzobh._.js:1000:24)
    at _request (http://localhost:3000/_next/static/chunks/node_modules_%40supabase_auth-js_dist_module_0.pzobh._.js:987:24)
    at http://localhost:3000/_next/static/chunks/node_modules_%40supabase_auth-js_dist_module_0.pzobh._.js:7737:220
    at async http://localhost:3000/_next/static/chunks/node_modules_%40supabase_auth-js_dist_module_0.pzobh._.js:693:36 @ http://localhost:3000/_next/static/chunks/node_modules_next_dist_115brz8._.js:3272
[52210222ms] [ERROR] Failed to load resource: net::ERR_INTERNET_DISCONNECTED @ https://midvxgfzwwivxhwhhbak.supabase.co/auth/v1/token?grant_type=refresh_token:0
[52210223ms] [ERROR] TypeError: Failed to fetch
    at push.resolveFetch (http://localhost:3000/_next/static/chunks/node_modules_%40supabase_auth-js_dist_module_0.pzobh._.js:618:23)
    at _handleRequest (http://localhost:3000/_next/static/chunks/node_modules_%40supabase_auth-js_dist_module_0.pzobh._.js:1000:24)
    at _request (http://localhost:3000/_next/static/chunks/node_modules_%40supabase_auth-js_dist_module_0.pzobh._.js:987:24)
    at http://localhost:3000/_next/static/chunks/node_modules_%40supabase_auth-js_dist_module_0.pzobh._.js:7737:220
    at async http://localhost:3000/_next/static/chunks/node_modules_%40supabase_auth-js_dist_module_0.pzobh._.js:693:36 @ http://localhost:3000/_next/static/chunks/node_modules_next_dist_115brz8._.js:3272
[52211049ms] [ERROR] Failed to load resource: net::ERR_INTERNET_DISCONNECTED @ https://midvxgfzwwivxhwhhbak.supabase.co/auth/v1/token?grant_type=refresh_token:0
[52211050ms] [ERROR] TypeError: Failed to fetch
    at push.resolveFetch (http://localhost:3000/_next/static/chunks/node_modules_%40supabase_auth-js_dist_module_0.pzobh._.js:618:23)
    at _handleRequest (http://localhost:3000/_next/static/chunks/node_modules_%40supabase_auth-js_dist_module_0.pzobh._.js:1000:24)
    at _request (http://localhost:3000/_next/static/chunks/node_modules_%40supabase_auth-js_dist_module_0.pzobh._.js:987:24)
    at http://localhost:3000/_next/static/chunks/node_modules_%40supabase_auth-js_dist_module_0.pzobh._.js:7737:220
    at async http://localhost:3000/_next/static/chunks/node_modules_%40supabase_auth-js_dist_module_0.pzobh._.js:693:36 @ http://localhost:3000/_next/static/chunks/node_modules_next_dist_115brz8._.js:3272
[52212710ms] [ERROR] Failed to load resource: net::ERR_INTERNET_DISCONNECTED @ https://midvxgfzwwivxhwhhbak.supabase.co/auth/v1/token?grant_type=refresh_token:0
[52212711ms] [ERROR] TypeError: Failed to fetch
    at push.resolveFetch (http://localhost:3000/_next/static/chunks/node_modules_%40supabase_auth-js_dist_module_0.pzobh._.js:618:23)
    at _handleRequest (http://localhost:3000/_next/static/chunks/node_modules_%40supabase_auth-js_dist_module_0.pzobh._.js:1000:24)
    at _request (http://localhost:3000/_next/static/chunks/node_modules_%40supabase_auth-js_dist_module_0.pzobh._.js:987:24)
    at http://localhost:3000/_next/static/chunks/node_modules_%40supabase_auth-js_dist_module_0.pzobh._.js:7737:220
    at async http://localhost:3000/_next/static/chunks/node_modules_%40supabase_auth-js_dist_module_0.pzobh._.js:693:36 @ http://localhost:3000/_next/static/chunks/node_modules_next_dist_115brz8._.js:3272
[52215973ms] [ERROR] Failed to load resource: net::ERR_INTERNET_DISCONNECTED @ https://midvxgfzwwivxhwhhbak.supabase.co/auth/v1/token?grant_type=refresh_token:0
[52215974ms] [ERROR] TypeError: Failed to fetch
    at push.resolveFetch (http://localhost:3000/_next/static/chunks/node_modules_%40supabase_auth-js_dist_module_0.pzobh._.js:618:23)
    at _handleRequest (http://localhost:3000/_next/static/chunks/node_modules_%40supabase_auth-js_dist_module_0.pzobh._.js:1000:24)
    at _request (http://localhost:3000/_next/static/chunks/node_modules_%40supabase_auth-js_dist_module_0.pzobh._.js:987:24)
    at http://localhost:3000/_next/static/chunks/node_modules_%40supabase_auth-js_dist_module_0.pzobh._.js:7737:220
    at async http://localhost:3000/_next/static/chunks/node_modules_%40supabase_auth-js_dist_module_0.pzobh._.js:693:36 @ http://localhost:3000/_next/static/chunks/node_modules_next_dist_115brz8._.js:3272
[52222419ms] [ERROR] Failed to load resource: net::ERR_INTERNET_DISCONNECTED @ https://midvxgfzwwivxhwhhbak.supabase.co/auth/v1/token?grant_type=refresh_token:0
[52222420ms] [ERROR] TypeError: Failed to fetch
    at push.resolveFetch (http://localhost:3000/_next/static/chunks/node_modules_%40supabase_auth-js_dist_module_0.pzobh._.js:618:23)
    at _handleRequest (http://localhost:3000/_next/static/chunks/node_modules_%40supabase_auth-js_dist_module_0.pzobh._.js:1000:24)
    at _request (http://localhost:3000/_next/static/chunks/node_modules_%40supabase_auth-js_dist_module_0.pzobh._.js:987:24)
    at http://localhost:3000/_next/static/chunks/node_modules_%40supabase_auth-js_dist_module_0.pzobh._.js:7737:220
    at async http://localhost:3000/_next/static/chunks/node_modules_%40supabase_auth-js_dist_module_0.pzobh._.js:693:36 @ http://localhost:3000/_next/static/chunks/node_modules_next_dist_115brz8._.js:3272
[52235246ms] [ERROR] Failed to load resource: net::ERR_INTERNET_DISCONNECTED @ https://midvxgfzwwivxhwhhbak.supabase.co/auth/v1/token?grant_type=refresh_token:0
[52235246ms] [ERROR] TypeError: Failed to fetch
    at push.resolveFetch (http://localhost:3000/_next/static/chunks/node_modules_%40supabase_auth-js_dist_module_0.pzobh._.js:618:23)
    at _handleRequest (http://localhost:3000/_next/static/chunks/node_modules_%40supabase_auth-js_dist_module_0.pzobh._.js:1000:24)
    at _request (http://localhost:3000/_next/static/chunks/node_modules_%40supabase_auth-js_dist_module_0.pzobh._.js:987:24)
    at http://localhost:3000/_next/static/chunks/node_modules_%40supabase_auth-js_dist_module_0.pzobh._.js:7737:220
    at async http://localhost:3000/_next/static/chunks/node_modules_%40supabase_auth-js_dist_module_0.pzobh._.js:693:36 @ http://localhost:3000/_next/static/chunks/node_modules_next_dist_115brz8._.js:3272
[52239575ms] [ERROR] Failed to load resource: net::ERR_INTERNET_DISCONNECTED @ https://midvxgfzwwivxhwhhbak.supabase.co/auth/v1/token?grant_type=refresh_token:0
[52239576ms] [ERROR] TypeError: Failed to fetch
    at push.resolveFetch (http://localhost:3000/_next/static/chunks/node_modules_%40supabase_auth-js_dist_module_0.pzobh._.js:618:23)
    at _handleRequest (http://localhost:3000/_next/static/chunks/node_modules_%40supabase_auth-js_dist_module_0.pzobh._.js:1000:24)
    at _request (http://localhost:3000/_next/static/chunks/node_modules_%40supabase_auth-js_dist_module_0.pzobh._.js:987:24)
    at http://localhost:3000/_next/static/chunks/node_modules_%40supabase_auth-js_dist_module_0.pzobh._.js:7737:220
    at http://localhost:3000/_next/static/chunks/node_modules_%40supabase_auth-js_dist_module_0.pzobh._.js:693:42
    at http://localhost:3000/_next/static/chunks/node_modules_%40supabase_auth-js_dist_module_0.pzobh._.js:705:11
    at new Promise (<anonymous>)
    at retryable (http://localhost:3000/_next/static/chunks/node_modules_%40supabase_auth-js_dist_module_0.pzobh._.js:687:21)
    at SupabaseAuthClient._refreshAccessToken (http://localhost:3000/_next/static/chunks/node_modules_%40supabase_auth-js_dist_module_0.pzobh._.js:7732:219)
    at SupabaseAuthClient._callRefreshToken (http://localhost:3000/_next/static/chunks/node_modules_%40supabase_auth-js_dist_module_0.pzobh._.js:7909:48)
    at async SupabaseAuthClient.__loadSession (http://localhost:3000/_next/static/chunks/node_modules_%40supabase_auth-js_dist_module_0.pzobh._.js:6215:46)
    at async SupabaseAuthClient._useSession (http://localhost:3000/_next/static/chunks/node_modules_%40supabase_auth-js_dist_module_0.pzobh._.js:6144:28)
    at async SupabaseAuthClient._autoRefreshTokenTick (http://localhost:3000/_next/static/chunks/node_modules_%40supabase_auth-js_dist_module_0.pzobh._.js:8302:17) @ http://localhost:3000/_next/static/chunks/node_modules_next_dist_115brz8._.js:3272
[52239812ms] [ERROR] Failed to load resource: net::ERR_INTERNET_DISCONNECTED @ https://midvxgfzwwivxhwhhbak.supabase.co/auth/v1/token?grant_type=refresh_token:0
[52239812ms] [ERROR] TypeError: Failed to fetch
    at push.resolveFetch (http://localhost:3000/_next/static/chunks/node_modules_%40supabase_auth-js_dist_module_0.pzobh._.js:618:23)
    at _handleRequest (http://localhost:3000/_next/static/chunks/node_modules_%40supabase_auth-js_dist_module_0.pzobh._.js:1000:24)
    at _request (http://localhost:3000/_next/static/chunks/node_modules_%40supabase_auth-js_dist_module_0.pzobh._.js:987:24)
    at http://localhost:3000/_next/static/chunks/node_modules_%40supabase_auth-js_dist_module_0.pzobh._.js:7737:220
    at async http://localhost:3000/_next/static/chunks/node_modules_%40supabase_auth-js_dist_module_0.pzobh._.js:693:36 @ http://localhost:3000/_next/static/chunks/node_modules_next_dist_115brz8._.js:3272
[52240258ms] [ERROR] Failed to load resource: net::ERR_INTERNET_DISCONNECTED @ https://midvxgfzwwivxhwhhbak.supabase.co/auth/v1/token?grant_type=refresh_token:0
[52240258ms] [ERROR] TypeError: Failed to fetch
    at push.resolveFetch (http://localhost:3000/_next/static/chunks/node_modules_%40supabase_auth-js_dist_module_0.pzobh._.js:618:23)
    at _handleRequest (http://localhost:3000/_next/static/chunks/node_modules_%40supabase_auth-js_dist_module_0.pzobh._.js:1000:24)
    at _request (http://localhost:3000/_next/static/chunks/node_modules_%40supabase_auth-js_dist_module_0.pzobh._.js:987:24)
    at http://localhost:3000/_next/static/chunks/node_modules_%40supabase_auth-js_dist_module_0.pzobh._.js:7737:220
    at async http://localhost:3000/_next/static/chunks/node_modules_%40supabase_auth-js_dist_module_0.pzobh._.js:693:36 @ http://localhost:3000/_next/static/chunks/node_modules_next_dist_115brz8._.js:3272
[52241092ms] [ERROR] Failed to load resource: net::ERR_INTERNET_DISCONNECTED @ https://midvxgfzwwivxhwhhbak.supabase.co/auth/v1/token?grant_type=refresh_token:0
[52241093ms] [ERROR] TypeError: Failed to fetch
    at push.resolveFetch (http://localhost:3000/_next/static/chunks/node_modules_%40supabase_auth-js_dist_module_0.pzobh._.js:618:23)
    at _handleRequest (http://localhost:3000/_next/static/chunks/node_modules_%40supabase_auth-js_dist_module_0.pzobh._.js:1000:24)
    at _request (http://localhost:3000/_next/static/chunks/node_modules_%40supabase_auth-js_dist_module_0.pzobh._.js:987:24)
    at http://localhost:3000/_next/static/chunks/node_modules_%40supabase_auth-js_dist_module_0.pzobh._.js:7737:220
    at async http://localhost:3000/_next/static/chunks/node_modules_%40supabase_auth-js_dist_module_0.pzobh._.js:693:36 @ http://localhost:3000/_next/static/chunks/node_modules_next_dist_115brz8._.js:3272
[52242738ms] [ERROR] Failed to load resource: net::ERR_INTERNET_DISCONNECTED @ https://midvxgfzwwivxhwhhbak.supabase.co/auth/v1/token?grant_type=refresh_token:0
[52242739ms] [ERROR] TypeError: Failed to fetch
    at push.resolveFetch (http://localhost:3000/_next/static/chunks/node_modules_%40supabase_auth-js_dist_module_0.pzobh._.js:618:23)
    at _handleRequest (http://localhost:3000/_next/static/chunks/node_modules_%40supabase_auth-js_dist_module_0.pzobh._.js:1000:24)
    at _request (http://localhost:3000/_next/static/chunks/node_modules_%40supabase_auth-js_dist_module_0.pzobh._.js:987:24)
    at http://localhost:3000/_next/static/chunks/node_modules_%40supabase_auth-js_dist_module_0.pzobh._.js:7737:220
    at async http://localhost:3000/_next/static/chunks/node_modules_%40supabase_auth-js_dist_module_0.pzobh._.js:693:36 @ http://localhost:3000/_next/static/chunks/node_modules_next_dist_115brz8._.js:3272
[52245981ms] [ERROR] Failed to load resource: net::ERR_INTERNET_DISCONNECTED @ https://midvxgfzwwivxhwhhbak.supabase.co/auth/v1/token?grant_type=refresh_token:0
[52245981ms] [ERROR] TypeError: Failed to fetch
    at push.resolveFetch (http://localhost:3000/_next/static/chunks/node_modules_%40supabase_auth-js_dist_module_0.pzobh._.js:618:23)
    at _handleRequest (http://localhost:3000/_next/static/chunks/node_modules_%40supabase_auth-js_dist_module_0.pzobh._.js:1000:24)
    at _request (http://localhost:3000/_next/static/chunks/node_modules_%40supabase_auth-js_dist_module_0.pzobh._.js:987:24)
    at http://localhost:3000/_next/static/chunks/node_modules_%40supabase_auth-js_dist_module_0.pzobh._.js:7737:220
    at async http://localhost:3000/_next/static/chunks/node_modules_%40supabase_auth-js_dist_module_0.pzobh._.js:693:36 @ http://localhost:3000/_next/static/chunks/node_modules_next_dist_115brz8._.js:3272
[52252444ms] [ERROR] Failed to load resource: net::ERR_INTERNET_DISCONNECTED @ https://midvxgfzwwivxhwhhbak.supabase.co/auth/v1/token?grant_type=refresh_token:0
[52252444ms] [ERROR] TypeError: Failed to fetch
    at push.resolveFetch (http://localhost:3000/_next/static/chunks/node_modules_%40supabase_auth-js_dist_module_0.pzobh._.js:618:23)
    at _handleRequest (http://localhost:3000/_next/static/chunks/node_modules_%40supabase_auth-js_dist_module_0.pzobh._.js:1000:24)
    at _request (http://localhost:3000/_next/static/chunks/node_modules_%40supabase_auth-js_dist_module_0.pzobh._.js:987:24)
    at http://localhost:3000/_next/static/chunks/node_modules_%40supabase_auth-js_dist_module_0.pzobh._.js:7737:220
    at async http://localhost:3000/_next/static/chunks/node_modules_%40supabase_auth-js_dist_module_0.pzobh._.js:693:36 @ http://localhost:3000/_next/static/chunks/node_modules_next_dist_115brz8._.js:3272
[52265288ms] [ERROR] Failed to load resource: net::ERR_INTERNET_DISCONNECTED @ https://midvxgfzwwivxhwhhbak.supabase.co/auth/v1/token?grant_type=refresh_token:0
[52265288ms] [ERROR] TypeError: Failed to fetch
    at push.resolveFetch (http://localhost:3000/_next/static/chunks/node_modules_%40supabase_auth-js_dist_module_0.pzobh._.js:618:23)
    at _handleRequest (http://localhost:3000/_next/static/chunks/node_modules_%40supabase_auth-js_dist_module_0.pzobh._.js:1000:24)
    at _request (http://localhost:3000/_next/static/chunks/node_modules_%40supabase_auth-js_dist_module_0.pzobh._.js:987:24)
    at http://localhost:3000/_next/static/chunks/node_modules_%40supabase_auth-js_dist_module_0.pzobh._.js:7737:220
    at async http://localhost:3000/_next/static/chunks/node_modules_%40supabase_auth-js_dist_module_0.pzobh._.js:693:36 @ http://localhost:3000/_next/static/chunks/node_modules_next_dist_115brz8._.js:3272
[52269590ms] [ERROR] Failed to load resource: net::ERR_INTERNET_DISCONNECTED @ https://midvxgfzwwivxhwhhbak.supabase.co/auth/v1/token?grant_type=refresh_token:0
[52269591ms] [ERROR] TypeError: Failed to fetch
    at push.resolveFetch (http://localhost:3000/_next/static/chunks/node_modules_%40supabase_auth-js_dist_module_0.pzobh._.js:618:23)
    at _handleRequest (http://localhost:3000/_next/static/chunks/node_modules_%40supabase_auth-js_dist_module_0.pzobh._.js:1000:24)
    at _request (http://localhost:3000/_next/static/chunks/node_modules_%40supabase_auth-js_dist_module_0.pzobh._.js:987:24)
    at http://localhost:3000/_next/static/chunks/node_modules_%40supabase_auth-js_dist_module_0.pzobh._.js:7737:220
    at http://localhost:3000/_next/static/chunks/node_modules_%40supabase_auth-js_dist_module_0.pzobh._.js:693:42
    at http://localhost:3000/_next/static/chunks/node_modules_%40supabase_auth-js_dist_module_0.pzobh._.js:705:11
    at new Promise (<anonymous>)
    at retryable (http://localhost:3000/_next/static/chunks/node_modules_%40supabase_auth-js_dist_module_0.pzobh._.js:687:21)
    at SupabaseAuthClient._refreshAccessToken (http://localhost:3000/_next/static/chunks/node_modules_%40supabase_auth-js_dist_module_0.pzobh._.js:7732:219)
    at SupabaseAuthClient._callRefreshToken (http://localhost:3000/_next/static/chunks/node_modules_%40supabase_auth-js_dist_module_0.pzobh._.js:7909:48)
    at async SupabaseAuthClient.__loadSession (http://localhost:3000/_next/static/chunks/node_modules_%40supabase_auth-js_dist_module_0.pzobh._.js:6215:46)
    at async SupabaseAuthClient._useSession (http://localhost:3000/_next/static/chunks/node_modules_%40supabase_auth-js_dist_module_0.pzobh._.js:6144:28)
    at async SupabaseAuthClient._autoRefreshTokenTick (http://localhost:3000/_next/static/chunks/node_modules_%40supabase_auth-js_dist_module_0.pzobh._.js:8302:17) @ http://localhost:3000/_next/static/chunks/node_modules_next_dist_115brz8._.js:3272
[52269836ms] [ERROR] Failed to load resource: net::ERR_INTERNET_DISCONNECTED @ https://midvxgfzwwivxhwhhbak.supabase.co/auth/v1/token?grant_type=refresh_token:0
[52269836ms] [ERROR] TypeError: Failed to fetch
    at push.resolveFetch (http://localhost:3000/_next/static/chunks/node_modules_%40supabase_auth-js_dist_module_0.pzobh._.js:618:23)
    at _handleRequest (http://localhost:3000/_next/static/chunks/node_modules_%40supabase_auth-js_dist_module_0.pzobh._.js:1000:24)
    at _request (http://localhost:3000/_next/static/chunks/node_modules_%40supabase_auth-js_dist_module_0.pzobh._.js:987:24)
    at http://localhost:3000/_next/static/chunks/node_modules_%40supabase_auth-js_dist_module_0.pzobh._.js:7737:220
    at async http://localhost:3000/_next/static/chunks/node_modules_%40supabase_auth-js_dist_module_0.pzobh._.js:693:36 @ http://localhost:3000/_next/static/chunks/node_modules_next_dist_115brz8._.js:3272
[52270270ms] [ERROR] Failed to load resource: net::ERR_INTERNET_DISCONNECTED @ https://midvxgfzwwivxhwhhbak.supabase.co/auth/v1/token?grant_type=refresh_token:0
[52270270ms] [ERROR] TypeError: Failed to fetch
    at push.resolveFetch (http://localhost:3000/_next/static/chunks/node_modules_%40supabase_auth-js_dist_module_0.pzobh._.js:618:23)
    at _handleRequest (http://localhost:3000/_next/static/chunks/node_modules_%40supabase_auth-js_dist_module_0.pzobh._.js:1000:24)
    at _request (http://localhost:3000/_next/static/chunks/node_modules_%40supabase_auth-js_dist_module_0.pzobh._.js:987:24)
    at http://localhost:3000/_next/static/chunks/node_modules_%40supabase_auth-js_dist_module_0.pzobh._.js:7737:220
    at async http://localhost:3000/_next/static/chunks/node_modules_%40supabase_auth-js_dist_module_0.pzobh._.js:693:36 @ http://localhost:3000/_next/static/chunks/node_modules_next_dist_115brz8._.js:3272
[52271096ms] [ERROR] Failed to load resource: net::ERR_INTERNET_DISCONNECTED @ https://midvxgfzwwivxhwhhbak.supabase.co/auth/v1/token?grant_type=refresh_token:0
[52271097ms] [ERROR] TypeError: Failed to fetch
    at push.resolveFetch (http://localhost:3000/_next/static/chunks/node_modules_%40supabase_auth-js_dist_module_0.pzobh._.js:618:23)
    at _handleRequest (http://localhost:3000/_next/static/chunks/node_modules_%40supabase_auth-js_dist_module_0.pzobh._.js:1000:24)
    at _request (http://localhost:3000/_next/static/chunks/node_modules_%40supabase_auth-js_dist_module_0.pzobh._.js:987:24)
    at http://localhost:3000/_next/static/chunks/node_modules_%40supabase_auth-js_dist_module_0.pzobh._.js:7737:220
    at async http://localhost:3000/_next/static/chunks/node_modules_%40supabase_auth-js_dist_module_0.pzobh._.js:693:36 @ http://localhost:3000/_next/static/chunks/node_modules_next_dist_115brz8._.js:3272
[52272739ms] [ERROR] Failed to load resource: net::ERR_INTERNET_DISCONNECTED @ https://midvxgfzwwivxhwhhbak.supabase.co/auth/v1/token?grant_type=refresh_token:0
[52272739ms] [ERROR] TypeError: Failed to fetch
    at push.resolveFetch (http://localhost:3000/_next/static/chunks/node_modules_%40supabase_auth-js_dist_module_0.pzobh._.js:618:23)
    at _handleRequest (http://localhost:3000/_next/static/chunks/node_modules_%40supabase_auth-js_dist_module_0.pzobh._.js:1000:24)
    at _request (http://localhost:3000/_next/static/chunks/node_modules_%40supabase_auth-js_dist_module_0.pzobh._.js:987:24)
    at http://localhost:3000/_next/static/chunks/node_modules_%40supabase_auth-js_dist_module_0.pzobh._.js:7737:220
    at async http://localhost:3000/_next/static/chunks/node_modules_%40supabase_auth-js_dist_module_0.pzobh._.js:693:36 @ http://localhost:3000/_next/static/chunks/node_modules_next_dist_115brz8._.js:3272
[52275976ms] [ERROR] Failed to load resource: net::ERR_INTERNET_DISCONNECTED @ https://midvxgfzwwivxhwhhbak.supabase.co/auth/v1/token?grant_type=refresh_token:0
[52275976ms] [ERROR] TypeError: Failed to fetch
    at push.resolveFetch (http://localhost:3000/_next/static/chunks/node_modules_%40supabase_auth-js_dist_module_0.pzobh._.js:618:23)
    at _handleRequest (http://localhost:3000/_next/static/chunks/node_modules_%40supabase_auth-js_dist_module_0.pzobh._.js:1000:24)
    at _request (http://localhost:3000/_next/static/chunks/node_modules_%40supabase_auth-js_dist_module_0.pzobh._.js:987:24)
    at http://localhost:3000/_next/static/chunks/node_modules_%40supabase_auth-js_dist_module_0.pzobh._.js:7737:220
    at async http://localhost:3000/_next/static/chunks/node_modules_%40supabase_auth-js_dist_module_0.pzobh._.js:693:36 @ http://localhost:3000/_next/static/chunks/node_modules_next_dist_115brz8._.js:3272
[52282419ms] [ERROR] Failed to load resource: net::ERR_INTERNET_DISCONNECTED @ https://midvxgfzwwivxhwhhbak.supabase.co/auth/v1/token?grant_type=refresh_token:0
[52282419ms] [ERROR] TypeError: Failed to fetch
    at push.resolveFetch (http://localhost:3000/_next/static/chunks/node_modules_%40supabase_auth-js_dist_module_0.pzobh._.js:618:23)
    at _handleRequest (http://localhost:3000/_next/static/chunks/node_modules_%40supabase_auth-js_dist_module_0.pzobh._.js:1000:24)
    at _request (http://localhost:3000/_next/static/chunks/node_modules_%40supabase_auth-js_dist_module_0.pzobh._.js:987:24)
    at http://localhost:3000/_next/static/chunks/node_modules_%40supabase_auth-js_dist_module_0.pzobh._.js:7737:220
    at async http://localhost:3000/_next/static/chunks/node_modules_%40supabase_auth-js_dist_module_0.pzobh._.js:693:36 @ http://localhost:3000/_next/static/chunks/node_modules_next_dist_115brz8._.js:3272
[52295259ms] [ERROR] Failed to load resource: net::ERR_INTERNET_DISCONNECTED @ https://midvxgfzwwivxhwhhbak.supabase.co/auth/v1/token?grant_type=refresh_token:0
[52295260ms] [ERROR] TypeError: Failed to fetch
    at push.resolveFetch (http://localhost:3000/_next/static/chunks/node_modules_%40supabase_auth-js_dist_module_0.pzobh._.js:618:23)
    at _handleRequest (http://localhost:3000/_next/static/chunks/node_modules_%40supabase_auth-js_dist_module_0.pzobh._.js:1000:24)
    at _request (http://localhost:3000/_next/static/chunks/node_modules_%40supabase_auth-js_dist_module_0.pzobh._.js:987:24)
    at http://localhost:3000/_next/static/chunks/node_modules_%40supabase_auth-js_dist_module_0.pzobh._.js:7737:220
    at async http://localhost:3000/_next/static/chunks/node_modules_%40supabase_auth-js_dist_module_0.pzobh._.js:693:36 @ http://localhost:3000/_next/static/chunks/node_modules_next_dist_115brz8._.js:3272
[52299606ms] [ERROR] Failed to load resource: net::ERR_INTERNET_DISCONNECTED @ https://midvxgfzwwivxhwhhbak.supabase.co/auth/v1/token?grant_type=refresh_token:0
[52299607ms] [ERROR] TypeError: Failed to fetch
    at push.resolveFetch (http://localhost:3000/_next/static/chunks/node_modules_%40supabase_auth-js_dist_module_0.pzobh._.js:618:23)
    at _handleRequest (http://localhost:3000/_next/static/chunks/node_modules_%40supabase_auth-js_dist_module_0.pzobh._.js:1000:24)
    at _request (http://localhost:3000/_next/static/chunks/node_modules_%40supabase_auth-js_dist_module_0.pzobh._.js:987:24)
    at http://localhost:3000/_next/static/chunks/node_modules_%40supabase_auth-js_dist_module_0.pzobh._.js:7737:220
    at http://localhost:3000/_next/static/chunks/node_modules_%40supabase_auth-js_dist_module_0.pzobh._.js:693:42
    at http://localhost:3000/_next/static/chunks/node_modules_%40supabase_auth-js_dist_module_0.pzobh._.js:705:11
    at new Promise (<anonymous>)
    at retryable (http://localhost:3000/_next/static/chunks/node_modules_%40supabase_auth-js_dist_module_0.pzobh._.js:687:21)
    at SupabaseAuthClient._refreshAccessToken (http://localhost:3000/_next/static/chunks/node_modules_%40supabase_auth-js_dist_module_0.pzobh._.js:7732:219)
    at SupabaseAuthClient._callRefreshToken (http://localhost:3000/_next/static/chunks/node_modules_%40supabase_auth-js_dist_module_0.pzobh._.js:7909:48)
    at async SupabaseAuthClient.__loadSession (http://localhost:3000/_next/static/chunks/node_modules_%40supabase_auth-js_dist_module_0.pzobh._.js:6215:46)
    at async SupabaseAuthClient._useSession (http://localhost:3000/_next/static/chunks/node_modules_%40supabase_auth-js_dist_module_0.pzobh._.js:6144:28)
    at async SupabaseAuthClient._autoRefreshTokenTick (http://localhost:3000/_next/static/chunks/node_modules_%40supabase_auth-js_dist_module_0.pzobh._.js:8302:17) @ http://localhost:3000/_next/static/chunks/node_modules_next_dist_115brz8._.js:3272
[52299846ms] [ERROR] Failed to load resource: net::ERR_INTERNET_DISCONNECTED @ https://midvxgfzwwivxhwhhbak.supabase.co/auth/v1/token?grant_type=refresh_token:0
[52299846ms] [ERROR] TypeError: Failed to fetch
    at push.resolveFetch (http://localhost:3000/_next/static/chunks/node_modules_%40supabase_auth-js_dist_module_0.pzobh._.js:618:23)
    at _handleRequest (http://localhost:3000/_next/static/chunks/node_modules_%40supabase_auth-js_dist_module_0.pzobh._.js:1000:24)
    at _request (http://localhost:3000/_next/static/chunks/node_modules_%40supabase_auth-js_dist_module_0.pzobh._.js:987:24)
    at http://localhost:3000/_next/static/chunks/node_modules_%40supabase_auth-js_dist_module_0.pzobh._.js:7737:220
    at async http://localhost:3000/_next/static/chunks/node_modules_%40supabase_auth-js_dist_module_0.pzobh._.js:693:36 @ http://localhost:3000/_next/static/chunks/node_modules_next_dist_115brz8._.js:3272
[52300277ms] [ERROR] Failed to load resource: net::ERR_INTERNET_DISCONNECTED @ https://midvxgfzwwivxhwhhbak.supabase.co/auth/v1/token?grant_type=refresh_token:0
[52300277ms] [ERROR] TypeError: Failed to fetch
    at push.resolveFetch (http://localhost:3000/_next/static/chunks/node_modules_%40supabase_auth-js_dist_module_0.pzobh._.js:618:23)
    at _handleRequest (http://localhost:3000/_next/static/chunks/node_modules_%40supabase_auth-js_dist_module_0.pzobh._.js:1000:24)
    at _request (http://localhost:3000/_next/static/chunks/node_modules_%40supabase_auth-js_dist_module_0.pzobh._.js:987:24)
    at http://localhost:3000/_next/static/chunks/node_modules_%40supabase_auth-js_dist_module_0.pzobh._.js:7737:220
    at async http://localhost:3000/_next/static/chunks/node_modules_%40supabase_auth-js_dist_module_0.pzobh._.js:693:36 @ http://localhost:3000/_next/static/chunks/node_modules_next_dist_115brz8._.js:3272
[52301111ms] [ERROR] Failed to load resource: net::ERR_INTERNET_DISCONNECTED @ https://midvxgfzwwivxhwhhbak.supabase.co/auth/v1/token?grant_type=refresh_token:0
[52301111ms] [ERROR] TypeError: Failed to fetch
    at push.resolveFetch (http://localhost:3000/_next/static/chunks/node_modules_%40supabase_auth-js_dist_module_0.pzobh._.js:618:23)
    at _handleRequest (http://localhost:3000/_next/static/chunks/node_modules_%40supabase_auth-js_dist_module_0.pzobh._.js:1000:24)
    at _request (http://localhost:3000/_next/static/chunks/node_modules_%40supabase_auth-js_dist_module_0.pzobh._.js:987:24)
    at http://localhost:3000/_next/static/chunks/node_modules_%40supabase_auth-js_dist_module_0.pzobh._.js:7737:220
    at async http://localhost:3000/_next/static/chunks/node_modules_%40supabase_auth-js_dist_module_0.pzobh._.js:693:36 @ http://localhost:3000/_next/static/chunks/node_modules_next_dist_115brz8._.js:3272
[52302763ms] [ERROR] Failed to load resource: net::ERR_INTERNET_DISCONNECTED @ https://midvxgfzwwivxhwhhbak.supabase.co/auth/v1/token?grant_type=refresh_token:0
[52302764ms] [ERROR] TypeError: Failed to fetch
    at push.resolveFetch (http://localhost:3000/_next/static/chunks/node_modules_%40supabase_auth-js_dist_module_0.pzobh._.js:618:23)
    at _handleRequest (http://localhost:3000/_next/static/chunks/node_modules_%40supabase_auth-js_dist_module_0.pzobh._.js:1000:24)
    at _request (http://localhost:3000/_next/static/chunks/node_modules_%40supabase_auth-js_dist_module_0.pzobh._.js:987:24)
    at http://localhost:3000/_next/static/chunks/node_modules_%40supabase_auth-js_dist_module_0.pzobh._.js:7737:220
    at async http://localhost:3000/_next/static/chunks/node_modules_%40supabase_auth-js_dist_module_0.pzobh._.js:693:36 @ http://localhost:3000/_next/static/chunks/node_modules_next_dist_115brz8._.js:3272
[52305996ms] [ERROR] Failed to load resource: net::ERR_INTERNET_DISCONNECTED @ https://midvxgfzwwivxhwhhbak.supabase.co/auth/v1/token?grant_type=refresh_token:0
[52305997ms] [ERROR] TypeError: Failed to fetch
    at push.resolveFetch (http://localhost:3000/_next/static/chunks/node_modules_%40supabase_auth-js_dist_module_0.pzobh._.js:618:23)
    at _handleRequest (http://localhost:3000/_next/static/chunks/node_modules_%40supabase_auth-js_dist_module_0.pzobh._.js:1000:24)
    at _request (http://localhost:3000/_next/static/chunks/node_modules_%40supabase_auth-js_dist_module_0.pzobh._.js:987:24)
    at http://localhost:3000/_next/static/chunks/node_modules_%40supabase_auth-js_dist_module_0.pzobh._.js:7737:220
    at async http://localhost:3000/_next/static/chunks/node_modules_%40supabase_auth-js_dist_module_0.pzobh._.js:693:36 @ http://localhost:3000/_next/static/chunks/node_modules_next_dist_115brz8._.js:3272
[52312429ms] [ERROR] Failed to load resource: net::ERR_INTERNET_DISCONNECTED @ https://midvxgfzwwivxhwhhbak.supabase.co/auth/v1/token?grant_type=refresh_token:0
[52312429ms] [ERROR] TypeError: Failed to fetch
    at push.resolveFetch (http://localhost:3000/_next/static/chunks/node_modules_%40supabase_auth-js_dist_module_0.pzobh._.js:618:23)
    at _handleRequest (http://localhost:3000/_next/static/chunks/node_modules_%40supabase_auth-js_dist_module_0.pzobh._.js:1000:24)
    at _request (http://localhost:3000/_next/static/chunks/node_modules_%40supabase_auth-js_dist_module_0.pzobh._.js:987:24)
    at http://localhost:3000/_next/static/chunks/node_modules_%40supabase_auth-js_dist_module_0.pzobh._.js:7737:220
    at async http://localhost:3000/_next/static/chunks/node_modules_%40supabase_auth-js_dist_module_0.pzobh._.js:693:36 @ http://localhost:3000/_next/static/chunks/node_modules_next_dist_115brz8._.js:3272
[52325263ms] [ERROR] Failed to load resource: net::ERR_INTERNET_DISCONNECTED @ https://midvxgfzwwivxhwhhbak.supabase.co/auth/v1/token?grant_type=refresh_token:0
[52325263ms] [ERROR] TypeError: Failed to fetch
    at push.resolveFetch (http://localhost:3000/_next/static/chunks/node_modules_%40supabase_auth-js_dist_module_0.pzobh._.js:618:23)
    at _handleRequest (http://localhost:3000/_next/static/chunks/node_modules_%40supabase_auth-js_dist_module_0.pzobh._.js:1000:24)
    at _request (http://localhost:3000/_next/static/chunks/node_modules_%40supabase_auth-js_dist_module_0.pzobh._.js:987:24)
    at http://localhost:3000/_next/static/chunks/node_modules_%40supabase_auth-js_dist_module_0.pzobh._.js:7737:220
    at async http://localhost:3000/_next/static/chunks/node_modules_%40supabase_auth-js_dist_module_0.pzobh._.js:693:36 @ http://localhost:3000/_next/static/chunks/node_modules_next_dist_115brz8._.js:3272
[52329567ms] [ERROR] Failed to load resource: net::ERR_INTERNET_DISCONNECTED @ https://midvxgfzwwivxhwhhbak.supabase.co/auth/v1/token?grant_type=refresh_token:0
[52329567ms] [ERROR] TypeError: Failed to fetch
    at push.resolveFetch (http://localhost:3000/_next/static/chunks/node_modules_%40supabase_auth-js_dist_module_0.pzobh._.js:618:23)
    at _handleRequest (http://localhost:3000/_next/static/chunks/node_modules_%40supabase_auth-js_dist_module_0.pzobh._.js:1000:24)
    at _request (http://localhost:3000/_next/static/chunks/node_modules_%40supabase_auth-js_dist_module_0.pzobh._.js:987:24)
    at http://localhost:3000/_next/static/chunks/node_modules_%40supabase_auth-js_dist_module_0.pzobh._.js:7737:220
    at http://localhost:3000/_next/static/chunks/node_modules_%40supabase_auth-js_dist_module_0.pzobh._.js:693:42
    at http://localhost:3000/_next/static/chunks/node_modules_%40supabase_auth-js_dist_module_0.pzobh._.js:705:11
    at new Promise (<anonymous>)
    at retryable (http://localhost:3000/_next/static/chunks/node_modules_%40supabase_auth-js_dist_module_0.pzobh._.js:687:21)
    at SupabaseAuthClient._refreshAccessToken (http://localhost:3000/_next/static/chunks/node_modules_%40supabase_auth-js_dist_module_0.pzobh._.js:7732:219)
    at SupabaseAuthClient._callRefreshToken (http://localhost:3000/_next/static/chunks/node_modules_%40supabase_auth-js_dist_module_0.pzobh._.js:7909:48)
    at async SupabaseAuthClient.__loadSession (http://localhost:3000/_next/static/chunks/node_modules_%40supabase_auth-js_dist_module_0.pzobh._.js:6215:46)
    at async SupabaseAuthClient._useSession (http://localhost:3000/_next/static/chunks/node_modules_%40supabase_auth-js_dist_module_0.pzobh._.js:6144:28)
    at async SupabaseAuthClient._autoRefreshTokenTick (http://localhost:3000/_next/static/chunks/node_modules_%40supabase_auth-js_dist_module_0.pzobh._.js:8302:17) @ http://localhost:3000/_next/static/chunks/node_modules_next_dist_115brz8._.js:3272
[52329796ms] [ERROR] Failed to load resource: net::ERR_INTERNET_DISCONNECTED @ https://midvxgfzwwivxhwhhbak.supabase.co/auth/v1/token?grant_type=refresh_token:0
[52329796ms] [ERROR] TypeError: Failed to fetch
    at push.resolveFetch (http://localhost:3000/_next/static/chunks/node_modules_%40supabase_auth-js_dist_module_0.pzobh._.js:618:23)
    at _handleRequest (http://localhost:3000/_next/static/chunks/node_modules_%40supabase_auth-js_dist_module_0.pzobh._.js:1000:24)
    at _request (http://localhost:3000/_next/static/chunks/node_modules_%40supabase_auth-js_dist_module_0.pzobh._.js:987:24)
    at http://localhost:3000/_next/static/chunks/node_modules_%40supabase_auth-js_dist_module_0.pzobh._.js:7737:220
    at async http://localhost:3000/_next/static/chunks/node_modules_%40supabase_auth-js_dist_module_0.pzobh._.js:693:36 @ http://localhost:3000/_next/static/chunks/node_modules_next_dist_115brz8._.js:3272
[52330217ms] [ERROR] Failed to load resource: net::ERR_INTERNET_DISCONNECTED @ https://midvxgfzwwivxhwhhbak.supabase.co/auth/v1/token?grant_type=refresh_token:0
[52330218ms] [ERROR] TypeError: Failed to fetch
    at push.resolveFetch (http://localhost:3000/_next/static/chunks/node_modules_%40supabase_auth-js_dist_module_0.pzobh._.js:618:23)
    at _handleRequest (http://localhost:3000/_next/static/chunks/node_modules_%40supabase_auth-js_dist_module_0.pzobh._.js:1000:24)
    at _request (http://localhost:3000/_next/static/chunks/node_modules_%40supabase_auth-js_dist_module_0.pzobh._.js:987:24)
    at http://localhost:3000/_next/static/chunks/node_modules_%40supabase_auth-js_dist_module_0.pzobh._.js:7737:220
    at async http://localhost:3000/_next/static/chunks/node_modules_%40supabase_auth-js_dist_module_0.pzobh._.js:693:36 @ http://localhost:3000/_next/static/chunks/node_modules_next_dist_115brz8._.js:3272
[52331054ms] [ERROR] Failed to load resource: net::ERR_INTERNET_DISCONNECTED @ https://midvxgfzwwivxhwhhbak.supabase.co/auth/v1/token?grant_type=refresh_token:0
[52331056ms] [ERROR] TypeError: Failed to fetch
    at push.resolveFetch (http://localhost:3000/_next/static/chunks/node_modules_%40supabase_auth-js_dist_module_0.pzobh._.js:618:23)
    at _handleRequest (http://localhost:3000/_next/static/chunks/node_modules_%40supabase_auth-js_dist_module_0.pzobh._.js:1000:24)
    at _request (http://localhost:3000/_next/static/chunks/node_modules_%40supabase_auth-js_dist_module_0.pzobh._.js:987:24)
    at http://localhost:3000/_next/static/chunks/node_modules_%40supabase_auth-js_dist_module_0.pzobh._.js:7737:220
    at async http://localhost:3000/_next/static/chunks/node_modules_%40supabase_auth-js_dist_module_0.pzobh._.js:693:36 @ http://localhost:3000/_next/static/chunks/node_modules_next_dist_115brz8._.js:3272
[52332706ms] [ERROR] Failed to load resource: net::ERR_INTERNET_DISCONNECTED @ https://midvxgfzwwivxhwhhbak.supabase.co/auth/v1/token?grant_type=refresh_token:0
[52332708ms] [ERROR] TypeError: Failed to fetch
    at push.resolveFetch (http://localhost:3000/_next/static/chunks/node_modules_%40supabase_auth-js_dist_module_0.pzobh._.js:618:23)
    at _handleRequest (http://localhost:3000/_next/static/chunks/node_modules_%40supabase_auth-js_dist_module_0.pzobh._.js:1000:24)
    at _request (http://localhost:3000/_next/static/chunks/node_modules_%40supabase_auth-js_dist_module_0.pzobh._.js:987:24)
    at http://localhost:3000/_next/static/chunks/node_modules_%40supabase_auth-js_dist_module_0.pzobh._.js:7737:220
    at async http://localhost:3000/_next/static/chunks/node_modules_%40supabase_auth-js_dist_module_0.pzobh._.js:693:36 @ http://localhost:3000/_next/static/chunks/node_modules_next_dist_115brz8._.js:3272
[52335959ms] [ERROR] Failed to load resource: net::ERR_INTERNET_DISCONNECTED @ https://midvxgfzwwivxhwhhbak.supabase.co/auth/v1/token?grant_type=refresh_token:0
[52335960ms] [ERROR] TypeError: Failed to fetch
    at push.resolveFetch (http://localhost:3000/_next/static/chunks/node_modules_%40supabase_auth-js_dist_module_0.pzobh._.js:618:23)
    at _handleRequest (http://localhost:3000/_next/static/chunks/node_modules_%40supabase_auth-js_dist_module_0.pzobh._.js:1000:24)
    at _request (http://localhost:3000/_next/static/chunks/node_modules_%40supabase_auth-js_dist_module_0.pzobh._.js:987:24)
    at http://localhost:3000/_next/static/chunks/node_modules_%40supabase_auth-js_dist_module_0.pzobh._.js:7737:220
    at async http://localhost:3000/_next/static/chunks/node_modules_%40supabase_auth-js_dist_module_0.pzobh._.js:693:36 @ http://localhost:3000/_next/static/chunks/node_modules_next_dist_115brz8._.js:3272
[52342405ms] [ERROR] Failed to load resource: net::ERR_INTERNET_DISCONNECTED @ https://midvxgfzwwivxhwhhbak.supabase.co/auth/v1/token?grant_type=refresh_token:0
[52342405ms] [ERROR] TypeError: Failed to fetch
    at push.resolveFetch (http://localhost:3000/_next/static/chunks/node_modules_%40supabase_auth-js_dist_module_0.pzobh._.js:618:23)
    at _handleRequest (http://localhost:3000/_next/static/chunks/node_modules_%40supabase_auth-js_dist_module_0.pzobh._.js:1000:24)
    at _request (http://localhost:3000/_next/static/chunks/node_modules_%40supabase_auth-js_dist_module_0.pzobh._.js:987:24)
    at http://localhost:3000/_next/static/chunks/node_modules_%40supabase_auth-js_dist_module_0.pzobh._.js:7737:220
    at async http://localhost:3000/_next/static/chunks/node_modules_%40supabase_auth-js_dist_module_0.pzobh._.js:693:36 @ http://localhost:3000/_next/static/chunks/node_modules_next_dist_115brz8._.js:3272
[52355255ms] [ERROR] Failed to load resource: net::ERR_INTERNET_DISCONNECTED @ https://midvxgfzwwivxhwhhbak.supabase.co/auth/v1/token?grant_type=refresh_token:0
[52355255ms] [ERROR] TypeError: Failed to fetch
    at push.resolveFetch (http://localhost:3000/_next/static/chunks/node_modules_%40supabase_auth-js_dist_module_0.pzobh._.js:618:23)
    at _handleRequest (http://localhost:3000/_next/static/chunks/node_modules_%40supabase_auth-js_dist_module_0.pzobh._.js:1000:24)
    at _request (http://localhost:3000/_next/static/chunks/node_modules_%40supabase_auth-js_dist_module_0.pzobh._.js:987:24)
    at http://localhost:3000/_next/static/chunks/node_modules_%40supabase_auth-js_dist_module_0.pzobh._.js:7737:220
    at async http://localhost:3000/_next/static/chunks/node_modules_%40supabase_auth-js_dist_module_0.pzobh._.js:693:36 @ http://localhost:3000/_next/static/chunks/node_modules_next_dist_115brz8._.js:3272
[52359617ms] [ERROR] Failed to load resource: net::ERR_INTERNET_DISCONNECTED @ https://midvxgfzwwivxhwhhbak.supabase.co/auth/v1/token?grant_type=refresh_token:0
[52359618ms] [ERROR] TypeError: Failed to fetch
    at push.resolveFetch (http://localhost:3000/_next/static/chunks/node_modules_%40supabase_auth-js_dist_module_0.pzobh._.js:618:23)
    at _handleRequest (http://localhost:3000/_next/static/chunks/node_modules_%40supabase_auth-js_dist_module_0.pzobh._.js:1000:24)
    at _request (http://localhost:3000/_next/static/chunks/node_modules_%40supabase_auth-js_dist_module_0.pzobh._.js:987:24)
    at http://localhost:3000/_next/static/chunks/node_modules_%40supabase_auth-js_dist_module_0.pzobh._.js:7737:220
    at http://localhost:3000/_next/static/chunks/node_modules_%40supabase_auth-js_dist_module_0.pzobh._.js:693:42
    at http://localhost:3000/_next/static/chunks/node_modules_%40supabase_auth-js_dist_module_0.pzobh._.js:705:11
    at new Promise (<anonymous>)
    at retryable (http://localhost:3000/_next/static/chunks/node_modules_%40supabase_auth-js_dist_module_0.pzobh._.js:687:21)
    at SupabaseAuthClient._refreshAccessToken (http://localhost:3000/_next/static/chunks/node_modules_%40supabase_auth-js_dist_module_0.pzobh._.js:7732:219)
    at SupabaseAuthClient._callRefreshToken (http://localhost:3000/_next/static/chunks/node_modules_%40supabase_auth-js_dist_module_0.pzobh._.js:7909:48)
    at async SupabaseAuthClient.__loadSession (http://localhost:3000/_next/static/chunks/node_modules_%40supabase_auth-js_dist_module_0.pzobh._.js:6215:46)
    at async SupabaseAuthClient._useSession (http://localhost:3000/_next/static/chunks/node_modules_%40supabase_auth-js_dist_module_0.pzobh._.js:6144:28)
    at async SupabaseAuthClient._autoRefreshTokenTick (http://localhost:3000/_next/static/chunks/node_modules_%40supabase_auth-js_dist_module_0.pzobh._.js:8302:17) @ http://localhost:3000/_next/static/chunks/node_modules_next_dist_115brz8._.js:3272
[52359849ms] [ERROR] Failed to load resource: net::ERR_INTERNET_DISCONNECTED @ https://midvxgfzwwivxhwhhbak.supabase.co/auth/v1/token?grant_type=refresh_token:0
[52359849ms] [ERROR] TypeError: Failed to fetch
    at push.resolveFetch (http://localhost:3000/_next/static/chunks/node_modules_%40supabase_auth-js_dist_module_0.pzobh._.js:618:23)
    at _handleRequest (http://localhost:3000/_next/static/chunks/node_modules_%40supabase_auth-js_dist_module_0.pzobh._.js:1000:24)
    at _request (http://localhost:3000/_next/static/chunks/node_modules_%40supabase_auth-js_dist_module_0.pzobh._.js:987:24)
    at http://localhost:3000/_next/static/chunks/node_modules_%40supabase_auth-js_dist_module_0.pzobh._.js:7737:220
    at async http://localhost:3000/_next/static/chunks/node_modules_%40supabase_auth-js_dist_module_0.pzobh._.js:693:36 @ http://localhost:3000/_next/static/chunks/node_modules_next_dist_115brz8._.js:3272
[52360278ms] [ERROR] Failed to load resource: net::ERR_INTERNET_DISCONNECTED @ https://midvxgfzwwivxhwhhbak.supabase.co/auth/v1/token?grant_type=refresh_token:0
[52360278ms] [ERROR] TypeError: Failed to fetch
    at push.resolveFetch (http://localhost:3000/_next/static/chunks/node_modules_%40supabase_auth-js_dist_module_0.pzobh._.js:618:23)
    at _handleRequest (http://localhost:3000/_next/static/chunks/node_modules_%40supabase_auth-js_dist_module_0.pzobh._.js:1000:24)
    at _request (http://localhost:3000/_next/static/chunks/node_modules_%40supabase_auth-js_dist_module_0.pzobh._.js:987:24)
    at http://localhost:3000/_next/static/chunks/node_modules_%40supabase_auth-js_dist_module_0.pzobh._.js:7737:220
    at async http://localhost:3000/_next/static/chunks/node_modules_%40supabase_auth-js_dist_module_0.pzobh._.js:693:36 @ http://localhost:3000/_next/static/chunks/node_modules_next_dist_115brz8._.js:3272
[52361107ms] [ERROR] Failed to load resource: net::ERR_INTERNET_DISCONNECTED @ https://midvxgfzwwivxhwhhbak.supabase.co/auth/v1/token?grant_type=refresh_token:0
[52361107ms] [ERROR] TypeError: Failed to fetch
    at push.resolveFetch (http://localhost:3000/_next/static/chunks/node_modules_%40supabase_auth-js_dist_module_0.pzobh._.js:618:23)
    at _handleRequest (http://localhost:3000/_next/static/chunks/node_modules_%40supabase_auth-js_dist_module_0.pzobh._.js:1000:24)
    at _request (http://localhost:3000/_next/static/chunks/node_modules_%40supabase_auth-js_dist_module_0.pzobh._.js:987:24)
    at http://localhost:3000/_next/static/chunks/node_modules_%40supabase_auth-js_dist_module_0.pzobh._.js:7737:220
    at async http://localhost:3000/_next/static/chunks/node_modules_%40supabase_auth-js_dist_module_0.pzobh._.js:693:36 @ http://localhost:3000/_next/static/chunks/node_modules_next_dist_115brz8._.js:3272
[52362755ms] [ERROR] Failed to load resource: net::ERR_INTERNET_DISCONNECTED @ https://midvxgfzwwivxhwhhbak.supabase.co/auth/v1/token?grant_type=refresh_token:0
[52362756ms] [ERROR] TypeError: Failed to fetch
    at push.resolveFetch (http://localhost:3000/_next/static/chunks/node_modules_%40supabase_auth-js_dist_module_0.pzobh._.js:618:23)
    at _handleRequest (http://localhost:3000/_next/static/chunks/node_modules_%40supabase_auth-js_dist_module_0.pzobh._.js:1000:24)
    at _request (http://localhost:3000/_next/static/chunks/node_modules_%40supabase_auth-js_dist_module_0.pzobh._.js:987:24)
    at http://localhost:3000/_next/static/chunks/node_modules_%40supabase_auth-js_dist_module_0.pzobh._.js:7737:220
    at async http://localhost:3000/_next/static/chunks/node_modules_%40supabase_auth-js_dist_module_0.pzobh._.js:693:36 @ http://localhost:3000/_next/static/chunks/node_modules_next_dist_115brz8._.js:3272
[52366005ms] [ERROR] Failed to load resource: net::ERR_INTERNET_DISCONNECTED @ https://midvxgfzwwivxhwhhbak.supabase.co/auth/v1/token?grant_type=refresh_token:0
[52366006ms] [ERROR] TypeError: Failed to fetch
    at push.resolveFetch (http://localhost:3000/_next/static/chunks/node_modules_%40supabase_auth-js_dist_module_0.pzobh._.js:618:23)
    at _handleRequest (http://localhost:3000/_next/static/chunks/node_modules_%40supabase_auth-js_dist_module_0.pzobh._.js:1000:24)
    at _request (http://localhost:3000/_next/static/chunks/node_modules_%40supabase_auth-js_dist_module_0.pzobh._.js:987:24)
    at http://localhost:3000/_next/static/chunks/node_modules_%40supabase_auth-js_dist_module_0.pzobh._.js:7737:220
    at async http://localhost:3000/_next/static/chunks/node_modules_%40supabase_auth-js_dist_module_0.pzobh._.js:693:36 @ http://localhost:3000/_next/static/chunks/node_modules_next_dist_115brz8._.js:3272
[52372456ms] [ERROR] Failed to load resource: net::ERR_INTERNET_DISCONNECTED @ https://midvxgfzwwivxhwhhbak.supabase.co/auth/v1/token?grant_type=refresh_token:0
[52372456ms] [ERROR] TypeError: Failed to fetch
    at push.resolveFetch (http://localhost:3000/_next/static/chunks/node_modules_%40supabase_auth-js_dist_module_0.pzobh._.js:618:23)
    at _handleRequest (http://localhost:3000/_next/static/chunks/node_modules_%40supabase_auth-js_dist_module_0.pzobh._.js:1000:24)
    at _request (http://localhost:3000/_next/static/chunks/node_modules_%40supabase_auth-js_dist_module_0.pzobh._.js:987:24)
    at http://localhost:3000/_next/static/chunks/node_modules_%40supabase_auth-js_dist_module_0.pzobh._.js:7737:220
    at async http://localhost:3000/_next/static/chunks/node_modules_%40supabase_auth-js_dist_module_0.pzobh._.js:693:36 @ http://localhost:3000/_next/static/chunks/node_modules_next_dist_115brz8._.js:3272
[52385280ms] [ERROR] Failed to load resource: net::ERR_INTERNET_DISCONNECTED @ https://midvxgfzwwivxhwhhbak.supabase.co/auth/v1/token?grant_type=refresh_token:0
[52385280ms] [ERROR] TypeError: Failed to fetch
    at push.resolveFetch (http://localhost:3000/_next/static/chunks/node_modules_%40supabase_auth-js_dist_module_0.pzobh._.js:618:23)
    at _handleRequest (http://localhost:3000/_next/static/chunks/node_modules_%40supabase_auth-js_dist_module_0.pzobh._.js:1000:24)
    at _request (http://localhost:3000/_next/static/chunks/node_modules_%40supabase_auth-js_dist_module_0.pzobh._.js:987:24)
    at http://localhost:3000/_next/static/chunks/node_modules_%40supabase_auth-js_dist_module_0.pzobh._.js:7737:220
    at async http://localhost:3000/_next/static/chunks/node_modules_%40supabase_auth-js_dist_module_0.pzobh._.js:693:36 @ http://localhost:3000/_next/static/chunks/node_modules_next_dist_115brz8._.js:3272
[52389574ms] [ERROR] Failed to load resource: net::ERR_INTERNET_DISCONNECTED @ https://midvxgfzwwivxhwhhbak.supabase.co/auth/v1/token?grant_type=refresh_token:0
[52389575ms] [ERROR] TypeError: Failed to fetch
    at push.resolveFetch (http://localhost:3000/_next/static/chunks/node_modules_%40supabase_auth-js_dist_module_0.pzobh._.js:618:23)
    at _handleRequest (http://localhost:3000/_next/static/chunks/node_modules_%40supabase_auth-js_dist_module_0.pzobh._.js:1000:24)
    at _request (http://localhost:3000/_next/static/chunks/node_modules_%40supabase_auth-js_dist_module_0.pzobh._.js:987:24)
    at http://localhost:3000/_next/static/chunks/node_modules_%40supabase_auth-js_dist_module_0.pzobh._.js:7737:220
    at http://localhost:3000/_next/static/chunks/node_modules_%40supabase_auth-js_dist_module_0.pzobh._.js:693:42
    at http://localhost:3000/_next/static/chunks/node_modules_%40supabase_auth-js_dist_module_0.pzobh._.js:705:11
    at new Promise (<anonymous>)
    at retryable (http://localhost:3000/_next/static/chunks/node_modules_%40supabase_auth-js_dist_module_0.pzobh._.js:687:21)
    at SupabaseAuthClient._refreshAccessToken (http://localhost:3000/_next/static/chunks/node_modules_%40supabase_auth-js_dist_module_0.pzobh._.js:7732:219)
    at SupabaseAuthClient._callRefreshToken (http://localhost:3000/_next/static/chunks/node_modules_%40supabase_auth-js_dist_module_0.pzobh._.js:7909:48)
    at async SupabaseAuthClient.__loadSession (http://localhost:3000/_next/static/chunks/node_modules_%40supabase_auth-js_dist_module_0.pzobh._.js:6215:46)
    at async SupabaseAuthClient._useSession (http://localhost:3000/_next/static/chunks/node_modules_%40supabase_auth-js_dist_module_0.pzobh._.js:6144:28)
    at async SupabaseAuthClient._autoRefreshTokenTick (http://localhost:3000/_next/static/chunks/node_modules_%40supabase_auth-js_dist_module_0.pzobh._.js:8302:17) @ http://localhost:3000/_next/static/chunks/node_modules_next_dist_115brz8._.js:3272
[52389812ms] [ERROR] Failed to load resource: net::ERR_INTERNET_DISCONNECTED @ https://midvxgfzwwivxhwhhbak.supabase.co/auth/v1/token?grant_type=refresh_token:0
[52389812ms] [ERROR] TypeError: Failed to fetch
    at push.resolveFetch (http://localhost:3000/_next/static/chunks/node_modules_%40supabase_auth-js_dist_module_0.pzobh._.js:618:23)
    at _handleRequest (http://localhost:3000/_next/static/chunks/node_modules_%40supabase_auth-js_dist_module_0.pzobh._.js:1000:24)
    at _request (http://localhost:3000/_next/static/chunks/node_modules_%40supabase_auth-js_dist_module_0.pzobh._.js:987:24)
    at http://localhost:3000/_next/static/chunks/node_modules_%40supabase_auth-js_dist_module_0.pzobh._.js:7737:220
    at async http://localhost:3000/_next/static/chunks/node_modules_%40supabase_auth-js_dist_module_0.pzobh._.js:693:36 @ http://localhost:3000/_next/static/chunks/node_modules_next_dist_115brz8._.js:3272
[52390238ms] [ERROR] Failed to load resource: net::ERR_INTERNET_DISCONNECTED @ https://midvxgfzwwivxhwhhbak.supabase.co/auth/v1/token?grant_type=refresh_token:0
[52390238ms] [ERROR] TypeError: Failed to fetch
    at push.resolveFetch (http://localhost:3000/_next/static/chunks/node_modules_%40supabase_auth-js_dist_module_0.pzobh._.js:618:23)
    at _handleRequest (http://localhost:3000/_next/static/chunks/node_modules_%40supabase_auth-js_dist_module_0.pzobh._.js:1000:24)
    at _request (http://localhost:3000/_next/static/chunks/node_modules_%40supabase_auth-js_dist_module_0.pzobh._.js:987:24)
    at http://localhost:3000/_next/static/chunks/node_modules_%40supabase_auth-js_dist_module_0.pzobh._.js:7737:220
    at async http://localhost:3000/_next/static/chunks/node_modules_%40supabase_auth-js_dist_module_0.pzobh._.js:693:36 @ http://localhost:3000/_next/static/chunks/node_modules_next_dist_115brz8._.js:3272
[52391077ms] [ERROR] Failed to load resource: net::ERR_INTERNET_DISCONNECTED @ https://midvxgfzwwivxhwhhbak.supabase.co/auth/v1/token?grant_type=refresh_token:0
[52391078ms] [ERROR] TypeError: Failed to fetch
    at push.resolveFetch (http://localhost:3000/_next/static/chunks/node_modules_%40supabase_auth-js_dist_module_0.pzobh._.js:618:23)
    at _handleRequest (http://localhost:3000/_next/static/chunks/node_modules_%40supabase_auth-js_dist_module_0.pzobh._.js:1000:24)
    at _request (http://localhost:3000/_next/static/chunks/node_modules_%40supabase_auth-js_dist_module_0.pzobh._.js:987:24)
    at http://localhost:3000/_next/static/chunks/node_modules_%40supabase_auth-js_dist_module_0.pzobh._.js:7737:220
    at async http://localhost:3000/_next/static/chunks/node_modules_%40supabase_auth-js_dist_module_0.pzobh._.js:693:36 @ http://localhost:3000/_next/static/chunks/node_modules_next_dist_115brz8._.js:3272
[52392722ms] [ERROR] Failed to load resource: net::ERR_INTERNET_DISCONNECTED @ https://midvxgfzwwivxhwhhbak.supabase.co/auth/v1/token?grant_type=refresh_token:0
[52392723ms] [ERROR] TypeError: Failed to fetch
    at push.resolveFetch (http://localhost:3000/_next/static/chunks/node_modules_%40supabase_auth-js_dist_module_0.pzobh._.js:618:23)
    at _handleRequest (http://localhost:3000/_next/static/chunks/node_modules_%40supabase_auth-js_dist_module_0.pzobh._.js:1000:24)
    at _request (http://localhost:3000/_next/static/chunks/node_modules_%40supabase_auth-js_dist_module_0.pzobh._.js:987:24)
    at http://localhost:3000/_next/static/chunks/node_modules_%40supabase_auth-js_dist_module_0.pzobh._.js:7737:220
    at async http://localhost:3000/_next/static/chunks/node_modules_%40supabase_auth-js_dist_module_0.pzobh._.js:693:36 @ http://localhost:3000/_next/static/chunks/node_modules_next_dist_115brz8._.js:3272
[52395971ms] [ERROR] Failed to load resource: net::ERR_INTERNET_DISCONNECTED @ https://midvxgfzwwivxhwhhbak.supabase.co/auth/v1/token?grant_type=refresh_token:0
[52395973ms] [ERROR] TypeError: Failed to fetch
    at push.resolveFetch (http://localhost:3000/_next/static/chunks/node_modules_%40supabase_auth-js_dist_module_0.pzobh._.js:618:23)
    at _handleRequest (http://localhost:3000/_next/static/chunks/node_modules_%40supabase_auth-js_dist_module_0.pzobh._.js:1000:24)
    at _request (http://localhost:3000/_next/static/chunks/node_modules_%40supabase_auth-js_dist_module_0.pzobh._.js:987:24)
    at http://localhost:3000/_next/static/chunks/node_modules_%40supabase_auth-js_dist_module_0.pzobh._.js:7737:220
    at async http://localhost:3000/_next/static/chunks/node_modules_%40supabase_auth-js_dist_module_0.pzobh._.js:693:36 @ http://localhost:3000/_next/static/chunks/node_modules_next_dist_115brz8._.js:3272
[52402454ms] [ERROR] Failed to load resource: net::ERR_INTERNET_DISCONNECTED @ https://midvxgfzwwivxhwhhbak.supabase.co/auth/v1/token?grant_type=refresh_token:0
[52402454ms] [ERROR] TypeError: Failed to fetch
    at push.resolveFetch (http://localhost:3000/_next/static/chunks/node_modules_%40supabase_auth-js_dist_module_0.pzobh._.js:618:23)
    at _handleRequest (http://localhost:3000/_next/static/chunks/node_modules_%40supabase_auth-js_dist_module_0.pzobh._.js:1000:24)
    at _request (http://localhost:3000/_next/static/chunks/node_modules_%40supabase_auth-js_dist_module_0.pzobh._.js:987:24)
    at http://localhost:3000/_next/static/chunks/node_modules_%40supabase_auth-js_dist_module_0.pzobh._.js:7737:220
    at async http://localhost:3000/_next/static/chunks/node_modules_%40supabase_auth-js_dist_module_0.pzobh._.js:693:36 @ http://localhost:3000/_next/static/chunks/node_modules_next_dist_115brz8._.js:3272
[52415294ms] [ERROR] Failed to load resource: net::ERR_INTERNET_DISCONNECTED @ https://midvxgfzwwivxhwhhbak.supabase.co/auth/v1/token?grant_type=refresh_token:0
[52415294ms] [ERROR] TypeError: Failed to fetch
    at push.resolveFetch (http://localhost:3000/_next/static/chunks/node_modules_%40supabase_auth-js_dist_module_0.pzobh._.js:618:23)
    at _handleRequest (http://localhost:3000/_next/static/chunks/node_modules_%40supabase_auth-js_dist_module_0.pzobh._.js:1000:24)
    at _request (http://localhost:3000/_next/static/chunks/node_modules_%40supabase_auth-js_dist_module_0.pzobh._.js:987:24)
    at http://localhost:3000/_next/static/chunks/node_modules_%40supabase_auth-js_dist_module_0.pzobh._.js:7737:220
    at async http://localhost:3000/_next/static/chunks/node_modules_%40supabase_auth-js_dist_module_0.pzobh._.js:693:36 @ http://localhost:3000/_next/static/chunks/node_modules_next_dist_115brz8._.js:3272
[52419636ms] [ERROR] Failed to load resource: net::ERR_INTERNET_DISCONNECTED @ https://midvxgfzwwivxhwhhbak.supabase.co/auth/v1/token?grant_type=refresh_token:0
[52419639ms] [ERROR] TypeError: Failed to fetch
    at push.resolveFetch (http://localhost:3000/_next/static/chunks/node_modules_%40supabase_auth-js_dist_module_0.pzobh._.js:618:23)
    at _handleRequest (http://localhost:3000/_next/static/chunks/node_modules_%40supabase_auth-js_dist_module_0.pzobh._.js:1000:24)
    at _request (http://localhost:3000/_next/static/chunks/node_modules_%40supabase_auth-js_dist_module_0.pzobh._.js:987:24)
    at http://localhost:3000/_next/static/chunks/node_modules_%40supabase_auth-js_dist_module_0.pzobh._.js:7737:220
    at http://localhost:3000/_next/static/chunks/node_modules_%40supabase_auth-js_dist_module_0.pzobh._.js:693:42
    at http://localhost:3000/_next/static/chunks/node_modules_%40supabase_auth-js_dist_module_0.pzobh._.js:705:11
    at new Promise (<anonymous>)
    at retryable (http://localhost:3000/_next/static/chunks/node_modules_%40supabase_auth-js_dist_module_0.pzobh._.js:687:21)
    at SupabaseAuthClient._refreshAccessToken (http://localhost:3000/_next/static/chunks/node_modules_%40supabase_auth-js_dist_module_0.pzobh._.js:7732:219)
    at SupabaseAuthClient._callRefreshToken (http://localhost:3000/_next/static/chunks/node_modules_%40supabase_auth-js_dist_module_0.pzobh._.js:7909:48)
    at async SupabaseAuthClient.__loadSession (http://localhost:3000/_next/static/chunks/node_modules_%40supabase_auth-js_dist_module_0.pzobh._.js:6215:46)
    at async SupabaseAuthClient._useSession (http://localhost:3000/_next/static/chunks/node_modules_%40supabase_auth-js_dist_module_0.pzobh._.js:6144:28)
    at async SupabaseAuthClient._autoRefreshTokenTick (http://localhost:3000/_next/static/chunks/node_modules_%40supabase_auth-js_dist_module_0.pzobh._.js:8302:17) @ http://localhost:3000/_next/static/chunks/node_modules_next_dist_115brz8._.js:3272
[52419895ms] [ERROR] Failed to load resource: net::ERR_INTERNET_DISCONNECTED @ https://midvxgfzwwivxhwhhbak.supabase.co/auth/v1/token?grant_type=refresh_token:0
[52419896ms] [ERROR] TypeError: Failed to fetch
    at push.resolveFetch (http://localhost:3000/_next/static/chunks/node_modules_%40supabase_auth-js_dist_module_0.pzobh._.js:618:23)
    at _handleRequest (http://localhost:3000/_next/static/chunks/node_modules_%40supabase_auth-js_dist_module_0.pzobh._.js:1000:24)
    at _request (http://localhost:3000/_next/static/chunks/node_modules_%40supabase_auth-js_dist_module_0.pzobh._.js:987:24)
    at http://localhost:3000/_next/static/chunks/node_modules_%40supabase_auth-js_dist_module_0.pzobh._.js:7737:220
    at async http://localhost:3000/_next/static/chunks/node_modules_%40supabase_auth-js_dist_module_0.pzobh._.js:693:36 @ http://localhost:3000/_next/static/chunks/node_modules_next_dist_115brz8._.js:3272
[52420331ms] [ERROR] Failed to load resource: net::ERR_INTERNET_DISCONNECTED @ https://midvxgfzwwivxhwhhbak.supabase.co/auth/v1/token?grant_type=refresh_token:0
[52420331ms] [ERROR] TypeError: Failed to fetch
    at push.resolveFetch (http://localhost:3000/_next/static/chunks/node_modules_%40supabase_auth-js_dist_module_0.pzobh._.js:618:23)
    at _handleRequest (http://localhost:3000/_next/static/chunks/node_modules_%40supabase_auth-js_dist_module_0.pzobh._.js:1000:24)
    at _request (http://localhost:3000/_next/static/chunks/node_modules_%40supabase_auth-js_dist_module_0.pzobh._.js:987:24)
    at http://localhost:3000/_next/static/chunks/node_modules_%40supabase_auth-js_dist_module_0.pzobh._.js:7737:220
    at async http://localhost:3000/_next/static/chunks/node_modules_%40supabase_auth-js_dist_module_0.pzobh._.js:693:36 @ http://localhost:3000/_next/static/chunks/node_modules_next_dist_115brz8._.js:3272
[52421161ms] [ERROR] Failed to load resource: net::ERR_INTERNET_DISCONNECTED @ https://midvxgfzwwivxhwhhbak.supabase.co/auth/v1/token?grant_type=refresh_token:0
[52421162ms] [ERROR] TypeError: Failed to fetch
    at push.resolveFetch (http://localhost:3000/_next/static/chunks/node_modules_%40supabase_auth-js_dist_module_0.pzobh._.js:618:23)
    at _handleRequest (http://localhost:3000/_next/static/chunks/node_modules_%40supabase_auth-js_dist_module_0.pzobh._.js:1000:24)
    at _request (http://localhost:3000/_next/static/chunks/node_modules_%40supabase_auth-js_dist_module_0.pzobh._.js:987:24)
    at http://localhost:3000/_next/static/chunks/node_modules_%40supabase_auth-js_dist_module_0.pzobh._.js:7737:220
    at async http://localhost:3000/_next/static/chunks/node_modules_%40supabase_auth-js_dist_module_0.pzobh._.js:693:36 @ http://localhost:3000/_next/static/chunks/node_modules_next_dist_115brz8._.js:3272
[52422814ms] [ERROR] Failed to load resource: net::ERR_INTERNET_DISCONNECTED @ https://midvxgfzwwivxhwhhbak.supabase.co/auth/v1/token?grant_type=refresh_token:0
[52422814ms] [ERROR] TypeError: Failed to fetch
    at push.resolveFetch (http://localhost:3000/_next/static/chunks/node_modules_%40supabase_auth-js_dist_module_0.pzobh._.js:618:23)
    at _handleRequest (http://localhost:3000/_next/static/chunks/node_modules_%40supabase_auth-js_dist_module_0.pzobh._.js:1000:24)
    at _request (http://localhost:3000/_next/static/chunks/node_modules_%40supabase_auth-js_dist_module_0.pzobh._.js:987:24)
    at http://localhost:3000/_next/static/chunks/node_modules_%40supabase_auth-js_dist_module_0.pzobh._.js:7737:220
    at async http://localhost:3000/_next/static/chunks/node_modules_%40supabase_auth-js_dist_module_0.pzobh._.js:693:36 @ http://localhost:3000/_next/static/chunks/node_modules_next_dist_115brz8._.js:3272
[52426062ms] [ERROR] Failed to load resource: net::ERR_INTERNET_DISCONNECTED @ https://midvxgfzwwivxhwhhbak.supabase.co/auth/v1/token?grant_type=refresh_token:0
[52426063ms] [ERROR] TypeError: Failed to fetch
    at push.resolveFetch (http://localhost:3000/_next/static/chunks/node_modules_%40supabase_auth-js_dist_module_0.pzobh._.js:618:23)
    at _handleRequest (http://localhost:3000/_next/static/chunks/node_modules_%40supabase_auth-js_dist_module_0.pzobh._.js:1000:24)
    at _request (http://localhost:3000/_next/static/chunks/node_modules_%40supabase_auth-js_dist_module_0.pzobh._.js:987:24)
    at http://localhost:3000/_next/static/chunks/node_modules_%40supabase_auth-js_dist_module_0.pzobh._.js:7737:220
    at async http://localhost:3000/_next/static/chunks/node_modules_%40supabase_auth-js_dist_module_0.pzobh._.js:693:36 @ http://localhost:3000/_next/static/chunks/node_modules_next_dist_115brz8._.js:3272
[52432510ms] [ERROR] Failed to load resource: net::ERR_INTERNET_DISCONNECTED @ https://midvxgfzwwivxhwhhbak.supabase.co/auth/v1/token?grant_type=refresh_token:0
[52432511ms] [ERROR] TypeError: Failed to fetch
    at push.resolveFetch (http://localhost:3000/_next/static/chunks/node_modules_%40supabase_auth-js_dist_module_0.pzobh._.js:618:23)
    at _handleRequest (http://localhost:3000/_next/static/chunks/node_modules_%40supabase_auth-js_dist_module_0.pzobh._.js:1000:24)
    at _request (http://localhost:3000/_next/static/chunks/node_modules_%40supabase_auth-js_dist_module_0.pzobh._.js:987:24)
    at http://localhost:3000/_next/static/chunks/node_modules_%40supabase_auth-js_dist_module_0.pzobh._.js:7737:220
    at async http://localhost:3000/_next/static/chunks/node_modules_%40supabase_auth-js_dist_module_0.pzobh._.js:693:36 @ http://localhost:3000/_next/static/chunks/node_modules_next_dist_115brz8._.js:3272
[52445351ms] [ERROR] Failed to load resource: net::ERR_INTERNET_DISCONNECTED @ https://midvxgfzwwivxhwhhbak.supabase.co/auth/v1/token?grant_type=refresh_token:0
[52445351ms] [ERROR] TypeError: Failed to fetch
    at push.resolveFetch (http://localhost:3000/_next/static/chunks/node_modules_%40supabase_auth-js_dist_module_0.pzobh._.js:618:23)
    at _handleRequest (http://localhost:3000/_next/static/chunks/node_modules_%40supabase_auth-js_dist_module_0.pzobh._.js:1000:24)
    at _request (http://localhost:3000/_next/static/chunks/node_modules_%40supabase_auth-js_dist_module_0.pzobh._.js:987:24)
    at http://localhost:3000/_next/static/chunks/node_modules_%40supabase_auth-js_dist_module_0.pzobh._.js:7737:220
    at async http://localhost:3000/_next/static/chunks/node_modules_%40supabase_auth-js_dist_module_0.pzobh._.js:693:36 @ http://localhost:3000/_next/static/chunks/node_modules_next_dist_115brz8._.js:3272
[52449588ms] [ERROR] Failed to load resource: net::ERR_INTERNET_DISCONNECTED @ https://midvxgfzwwivxhwhhbak.supabase.co/auth/v1/token?grant_type=refresh_token:0
[52449589ms] [ERROR] TypeError: Failed to fetch
    at push.resolveFetch (http://localhost:3000/_next/static/chunks/node_modules_%40supabase_auth-js_dist_module_0.pzobh._.js:618:23)
    at _handleRequest (http://localhost:3000/_next/static/chunks/node_modules_%40supabase_auth-js_dist_module_0.pzobh._.js:1000:24)
    at _request (http://localhost:3000/_next/static/chunks/node_modules_%40supabase_auth-js_dist_module_0.pzobh._.js:987:24)
    at http://localhost:3000/_next/static/chunks/node_modules_%40supabase_auth-js_dist_module_0.pzobh._.js:7737:220
    at http://localhost:3000/_next/static/chunks/node_modules_%40supabase_auth-js_dist_module_0.pzobh._.js:693:42
    at http://localhost:3000/_next/static/chunks/node_modules_%40supabase_auth-js_dist_module_0.pzobh._.js:705:11
    at new Promise (<anonymous>)
    at retryable (http://localhost:3000/_next/static/chunks/node_modules_%40supabase_auth-js_dist_module_0.pzobh._.js:687:21)
    at SupabaseAuthClient._refreshAccessToken (http://localhost:3000/_next/static/chunks/node_modules_%40supabase_auth-js_dist_module_0.pzobh._.js:7732:219)
    at SupabaseAuthClient._callRefreshToken (http://localhost:3000/_next/static/chunks/node_modules_%40supabase_auth-js_dist_module_0.pzobh._.js:7909:48)
    at async SupabaseAuthClient.__loadSession (http://localhost:3000/_next/static/chunks/node_modules_%40supabase_auth-js_dist_module_0.pzobh._.js:6215:46)
    at async SupabaseAuthClient._useSession (http://localhost:3000/_next/static/chunks/node_modules_%40supabase_auth-js_dist_module_0.pzobh._.js:6144:28)
    at async SupabaseAuthClient._autoRefreshTokenTick (http://localhost:3000/_next/static/chunks/node_modules_%40supabase_auth-js_dist_module_0.pzobh._.js:8302:17) @ http://localhost:3000/_next/static/chunks/node_modules_next_dist_115brz8._.js:3272
[52449845ms] [ERROR] Failed to load resource: net::ERR_INTERNET_DISCONNECTED @ https://midvxgfzwwivxhwhhbak.supabase.co/auth/v1/token?grant_type=refresh_token:0
[52449846ms] [ERROR] TypeError: Failed to fetch
    at push.resolveFetch (http://localhost:3000/_next/static/chunks/node_modules_%40supabase_auth-js_dist_module_0.pzobh._.js:618:23)
    at _handleRequest (http://localhost:3000/_next/static/chunks/node_modules_%40supabase_auth-js_dist_module_0.pzobh._.js:1000:24)
    at _request (http://localhost:3000/_next/static/chunks/node_modules_%40supabase_auth-js_dist_module_0.pzobh._.js:987:24)
    at http://localhost:3000/_next/static/chunks/node_modules_%40supabase_auth-js_dist_module_0.pzobh._.js:7737:220
    at async http://localhost:3000/_next/static/chunks/node_modules_%40supabase_auth-js_dist_module_0.pzobh._.js:693:36 @ http://localhost:3000/_next/static/chunks/node_modules_next_dist_115brz8._.js:3272
[52450281ms] [ERROR] Failed to load resource: net::ERR_INTERNET_DISCONNECTED @ https://midvxgfzwwivxhwhhbak.supabase.co/auth/v1/token?grant_type=refresh_token:0
[52450282ms] [ERROR] TypeError: Failed to fetch
    at push.resolveFetch (http://localhost:3000/_next/static/chunks/node_modules_%40supabase_auth-js_dist_module_0.pzobh._.js:618:23)
    at _handleRequest (http://localhost:3000/_next/static/chunks/node_modules_%40supabase_auth-js_dist_module_0.pzobh._.js:1000:24)
    at _request (http://localhost:3000/_next/static/chunks/node_modules_%40supabase_auth-js_dist_module_0.pzobh._.js:987:24)
    at http://localhost:3000/_next/static/chunks/node_modules_%40supabase_auth-js_dist_module_0.pzobh._.js:7737:220
    at async http://localhost:3000/_next/static/chunks/node_modules_%40supabase_auth-js_dist_module_0.pzobh._.js:693:36 @ http://localhost:3000/_next/static/chunks/node_modules_next_dist_115brz8._.js:3272
[52451107ms] [ERROR] Failed to load resource: net::ERR_INTERNET_DISCONNECTED @ https://midvxgfzwwivxhwhhbak.supabase.co/auth/v1/token?grant_type=refresh_token:0
[52451109ms] [ERROR] TypeError: Failed to fetch
    at push.resolveFetch (http://localhost:3000/_next/static/chunks/node_modules_%40supabase_auth-js_dist_module_0.pzobh._.js:618:23)
    at _handleRequest (http://localhost:3000/_next/static/chunks/node_modules_%40supabase_auth-js_dist_module_0.pzobh._.js:1000:24)
    at _request (http://localhost:3000/_next/static/chunks/node_modules_%40supabase_auth-js_dist_module_0.pzobh._.js:987:24)
    at http://localhost:3000/_next/static/chunks/node_modules_%40supabase_auth-js_dist_module_0.pzobh._.js:7737:220
    at async http://localhost:3000/_next/static/chunks/node_modules_%40supabase_auth-js_dist_module_0.pzobh._.js:693:36 @ http://localhost:3000/_next/static/chunks/node_modules_next_dist_115brz8._.js:3272
[52452763ms] [ERROR] Failed to load resource: net::ERR_INTERNET_DISCONNECTED @ https://midvxgfzwwivxhwhhbak.supabase.co/auth/v1/token?grant_type=refresh_token:0
[52452763ms] [ERROR] TypeError: Failed to fetch
    at push.resolveFetch (http://localhost:3000/_next/static/chunks/node_modules_%40supabase_auth-js_dist_module_0.pzobh._.js:618:23)
    at _handleRequest (http://localhost:3000/_next/static/chunks/node_modules_%40supabase_auth-js_dist_module_0.pzobh._.js:1000:24)
    at _request (http://localhost:3000/_next/static/chunks/node_modules_%40supabase_auth-js_dist_module_0.pzobh._.js:987:24)
    at http://localhost:3000/_next/static/chunks/node_modules_%40supabase_auth-js_dist_module_0.pzobh._.js:7737:220
    at async http://localhost:3000/_next/static/chunks/node_modules_%40supabase_auth-js_dist_module_0.pzobh._.js:693:36 @ http://localhost:3000/_next/static/chunks/node_modules_next_dist_115brz8._.js:3272
[52455999ms] [ERROR] Failed to load resource: net::ERR_INTERNET_DISCONNECTED @ https://midvxgfzwwivxhwhhbak.supabase.co/auth/v1/token?grant_type=refresh_token:0
[52456000ms] [ERROR] TypeError: Failed to fetch
    at push.resolveFetch (http://localhost:3000/_next/static/chunks/node_modules_%40supabase_auth-js_dist_module_0.pzobh._.js:618:23)
    at _handleRequest (http://localhost:3000/_next/static/chunks/node_modules_%40supabase_auth-js_dist_module_0.pzobh._.js:1000:24)
    at _request (http://localhost:3000/_next/static/chunks/node_modules_%40supabase_auth-js_dist_module_0.pzobh._.js:987:24)
    at http://localhost:3000/_next/static/chunks/node_modules_%40supabase_auth-js_dist_module_0.pzobh._.js:7737:220
    at async http://localhost:3000/_next/static/chunks/node_modules_%40supabase_auth-js_dist_module_0.pzobh._.js:693:36 @ http://localhost:3000/_next/static/chunks/node_modules_next_dist_115brz8._.js:3272
[52462426ms] [ERROR] Failed to load resource: net::ERR_INTERNET_DISCONNECTED @ https://midvxgfzwwivxhwhhbak.supabase.co/auth/v1/token?grant_type=refresh_token:0
[52462426ms] [ERROR] TypeError: Failed to fetch
    at push.resolveFetch (http://localhost:3000/_next/static/chunks/node_modules_%40supabase_auth-js_dist_module_0.pzobh._.js:618:23)
    at _handleRequest (http://localhost:3000/_next/static/chunks/node_modules_%40supabase_auth-js_dist_module_0.pzobh._.js:1000:24)
    at _request (http://localhost:3000/_next/static/chunks/node_modules_%40supabase_auth-js_dist_module_0.pzobh._.js:987:24)
    at http://localhost:3000/_next/static/chunks/node_modules_%40supabase_auth-js_dist_module_0.pzobh._.js:7737:220
    at async http://localhost:3000/_next/static/chunks/node_modules_%40supabase_auth-js_dist_module_0.pzobh._.js:693:36 @ http://localhost:3000/_next/static/chunks/node_modules_next_dist_115brz8._.js:3272
[52782158ms] [LOG] [Fast Refresh] rebuilding @ http://localhost:3000/_next/static/chunks/node_modules_next_dist_115brz8._.js:2431
[52782196ms] [LOG] [Fast Refresh] done in 144ms @ http://localhost:3000/_next/static/chunks/node_modules_next_dist_115brz8._.js:2431
[52787399ms] [LOG] [Fast Refresh] rebuilding @ http://localhost:3000/_next/static/chunks/node_modules_next_dist_115brz8._.js:2431
[52790943ms] [LOG] [Fast Refresh] done in 3652ms @ http://localhost:3000/_next/static/chunks/node_modules_next_dist_115brz8._.js:2431
[52791249ms] [LOG] [Fast Refresh] rebuilding @ http://localhost:3000/_next/static/chunks/node_modules_next_dist_115brz8._.js:2431
[52791259ms] [LOG] [Fast Refresh] done in 270ms @ http://localhost:3000/_next/static/chunks/node_modules_next_dist_115brz8._.js:2431
[52899293ms] [LOG] [Fast Refresh] rebuilding @ http://localhost:3000/_next/static/chunks/node_modules_next_dist_115brz8._.js:2431
[52900642ms] [LOG] [Fast Refresh] done in 1464ms @ http://localhost:3000/_next/static/chunks/node_modules_next_dist_115brz8._.js:2431
[52900788ms] [LOG] [Fast Refresh] rebuilding @ http://localhost:3000/_next/static/chunks/node_modules_next_dist_115brz8._.js:2431
[52901489ms] [LOG] [Fast Refresh] done in 802ms @ http://localhost:3000/_next/static/chunks/node_modules_next_dist_115brz8._.js:2431
[54128587ms] [LOG] [Fast Refresh] rebuilding @ http://localhost:3000/_next/static/chunks/node_modules_next_dist_115brz8._.js:2431
[54128971ms] [LOG] [Fast Refresh] done in 498ms @ http://localhost:3000/_next/static/chunks/node_modules_next_dist_115brz8._.js:2431
[55635411ms] [LOG] [Fast Refresh] rebuilding @ http://localhost:3000/_next/static/chunks/node_modules_next_dist_115brz8._.js:2431
[55663434ms] [LOG] [Fast Refresh] done in 11328ms @ http://localhost:3000/_next/static/chunks/node_modules_next_dist_115brz8._.js:2431
[55919127ms] [LOG] [Fast Refresh] rebuilding @ http://localhost:3000/_next/static/chunks/node_modules_next_dist_115brz8._.js:2431
[55919191ms] [LOG] [Fast Refresh] done in 174ms @ http://localhost:3000/_next/static/chunks/node_modules_next_dist_115brz8._.js:2431
[56009235ms] [LOG] [Fast Refresh] rebuilding @ http://localhost:3000/_next/static/chunks/node_modules_next_dist_115brz8._.js:2431
[56009877ms] [LOG] [Fast Refresh] done in 583ms @ http://localhost:3000/_next/static/chunks/node_modules_next_dist_115brz8._.js:2431
[56027989ms] [LOG] [Fast Refresh] rebuilding @ http://localhost:3000/_next/static/chunks/node_modules_next_dist_115brz8._.js:2431
[56028037ms] [LOG] [Fast Refresh] done in 152ms @ http://localhost:3000/_next/static/chunks/node_modules_next_dist_115brz8._.js:2431
[56028206ms] [LOG] [Fast Refresh] rebuilding @ http://localhost:3000/_next/static/chunks/node_modules_next_dist_115brz8._.js:2431
[56035501ms] [LOG] [Fast Refresh] done in 7250ms @ http://localhost:3000/_next/static/chunks/node_modules_next_dist_115brz8._.js:2431
[56035648ms] [LOG] [Fast Refresh] rebuilding @ http://localhost:3000/_next/static/chunks/node_modules_next_dist_115brz8._.js:2431
[56036060ms] [LOG] [Fast Refresh] done in 518ms @ http://localhost:3000/_next/static/chunks/node_modules_next_dist_115brz8._.js:2431
[56036165ms] [LOG] [Fast Refresh] rebuilding @ http://localhost:3000/_next/static/chunks/node_modules_next_dist_115brz8._.js:2431
[56036479ms] [LOG] [Fast Refresh] done in 416ms @ http://localhost:3000/_next/static/chunks/node_modules_next_dist_115brz8._.js:2431
[56036942ms] [INFO] %cDownload the React DevTools for a better development experience: https://react.dev/link/react-devtools font-weight:bold @ http://localhost:3000/_next/static/chunks/node_modules_next_dist_115brz8._.js:2431
[56037140ms] [LOG] [HMR] connected @ http://localhost:3000/_next/static/chunks/node_modules_next_dist_115brz8._.js:2431
[56042745ms] [WARNING] The resource http://localhost:3000/_next/static/media/83afe278b6a6bb3c-s.p.0q-301v4kxxnr.woff2 was preloaded using link preload but not used within a few seconds from the window's load event. Please make sure it has an appropriate `as` value and it is preloaded intentionally. @ http://localhost:3000/dashboard:0
[56046432ms] [LOG] [Fast Refresh] rebuilding @ http://localhost:3000/_next/static/chunks/node_modules_next_dist_115brz8._.js:2431
[56047697ms] [LOG] [Fast Refresh] done in 1370ms @ http://localhost:3000/_next/static/chunks/node_modules_next_dist_115brz8._.js:2431
[56047811ms] [LOG] [Fast Refresh] rebuilding @ http://localhost:3000/_next/static/chunks/node_modules_next_dist_115brz8._.js:2431
[56047895ms] [LOG] [Fast Refresh] done in 187ms @ http://localhost:3000/_next/static/chunks/node_modules_next_dist_115brz8._.js:2431
[56048124ms] [LOG] [Fast Refresh] rebuilding @ http://localhost:3000/_next/static/chunks/node_modules_next_dist_115brz8._.js:2431
[56048174ms] [LOG] [Fast Refresh] done in 250ms @ http://localhost:3000/_next/static/chunks/node_modules_next_dist_115brz8._.js:2431
[56048311ms] [LOG] [Fast Refresh] rebuilding @ http://localhost:3000/_next/static/chunks/node_modules_next_dist_115brz8._.js:2431
[56048712ms] [LOG] [Fast Refresh] done in 533ms @ http://localhost:3000/_next/static/chunks/node_modules_next_dist_115brz8._.js:2431
[56049154ms] [LOG] [Fast Refresh] rebuilding @ http://localhost:3000/_next/static/chunks/node_modules_next_dist_115brz8._.js:2431
[56049165ms] [LOG] [Fast Refresh] done in 393ms @ http://localhost:3000/_next/static/chunks/node_modules_next_dist_115brz8._.js:2431
[56069058ms] [LOG] [Fast Refresh] rebuilding @ http://localhost:3000/_next/static/chunks/node_modules_next_dist_115brz8._.js:2431
[56069169ms] [LOG] [Fast Refresh] done in 220ms @ http://localhost:3000/_next/static/chunks/node_modules_next_dist_115brz8._.js:2431
[56069299ms] [LOG] [Fast Refresh] rebuilding @ http://localhost:3000/_next/static/chunks/node_modules_next_dist_115brz8._.js:2431
[56069712ms] [LOG] [Fast Refresh] done in 522ms @ http://localhost:3000/_next/static/chunks/node_modules_next_dist_115brz8._.js:2431
[56069823ms] [LOG] [Fast Refresh] rebuilding @ http://localhost:3000/_next/static/chunks/node_modules_next_dist_115brz8._.js:2431
[56070024ms] [LOG] [Fast Refresh] done in 304ms @ http://localhost:3000/_next/static/chunks/node_modules_next_dist_115brz8._.js:2431
[56096596ms] [LOG] [Fast Refresh] rebuilding @ http://localhost:3000/_next/static/chunks/node_modules_next_dist_115brz8._.js:2431
[56097407ms] [LOG] [Fast Refresh] done in 872ms @ http://localhost:3000/_next/static/chunks/node_modules_next_dist_115brz8._.js:2431
[56097543ms] [LOG] [Fast Refresh] rebuilding @ http://localhost:3000/_next/static/chunks/node_modules_next_dist_115brz8._.js:2431
[56097824ms] [LOG] [Fast Refresh] done in 391ms @ http://localhost:3000/_next/static/chunks/node_modules_next_dist_115brz8._.js:2431
[56098023ms] [LOG] [Fast Refresh] rebuilding @ http://localhost:3000/_next/static/chunks/node_modules_next_dist_115brz8._.js:2431
[56098535ms] [LOG] [Fast Refresh] done in 660ms @ http://localhost:3000/_next/static/chunks/node_modules_next_dist_115brz8._.js:2431
[56117303ms] [LOG] [Fast Refresh] rebuilding @ http://localhost:3000/_next/static/chunks/node_modules_next_dist_115brz8._.js:2431
[56118836ms] [LOG] [Fast Refresh] done in 1637ms @ http://localhost:3000/_next/static/chunks/node_modules_next_dist_115brz8._.js:2431
[56118963ms] [LOG] [Fast Refresh] rebuilding @ http://localhost:3000/_next/static/chunks/node_modules_next_dist_115brz8._.js:2431
[56119076ms] [LOG] [Fast Refresh] done in 226ms @ http://localhost:3000/_next/static/chunks/node_modules_next_dist_115brz8._.js:2431
[56119358ms] [LOG] [Fast Refresh] rebuilding @ http://localhost:3000/_next/static/chunks/node_modules_next_dist_115brz8._.js:2431
[56119426ms] [LOG] [Fast Refresh] done in 171ms @ http://localhost:3000/_next/static/chunks/node_modules_next_dist_115brz8._.js:2431
[56130615ms] [LOG] [Fast Refresh] rebuilding @ http://localhost:3000/_next/static/chunks/node_modules_next_dist_115brz8._.js:2431
[56131310ms] [LOG] [Fast Refresh] done in 793ms @ http://localhost:3000/_next/static/chunks/node_modules_next_dist_115brz8._.js:2431
[56131424ms] [LOG] [Fast Refresh] rebuilding @ http://localhost:3000/_next/static/chunks/node_modules_next_dist_115brz8._.js:2431
[56131799ms] [LOG] [Fast Refresh] done in 476ms @ http://localhost:3000/_next/static/chunks/node_modules_next_dist_115brz8._.js:2431
[56131971ms] [LOG] [Fast Refresh] rebuilding @ http://localhost:3000/_next/static/chunks/node_modules_next_dist_115brz8._.js:2431
[56132330ms] [LOG] [Fast Refresh] done in 493ms @ http://localhost:3000/_next/static/chunks/node_modules_next_dist_115brz8._.js:2431
[56182317ms] [LOG] [Fast Refresh] rebuilding @ http://localhost:3000/_next/static/chunks/node_modules_next_dist_115brz8._.js:2431
[56182429ms] [LOG] [Fast Refresh] done in 151ms @ http://localhost:3000/_next/static/chunks/node_modules_next_dist_115brz8._.js:2431
[56182536ms] [LOG] [Fast Refresh] rebuilding @ http://localhost:3000/_next/static/chunks/node_modules_next_dist_115brz8._.js:2431
[56182670ms] [LOG] [Fast Refresh] done in 186ms @ http://localhost:3000/_next/static/chunks/node_modules_next_dist_115brz8._.js:2431
[56182781ms] [LOG] [Fast Refresh] rebuilding @ http://localhost:3000/_next/static/chunks/node_modules_next_dist_115brz8._.js:2431
[56182815ms] [LOG] [Fast Refresh] done in 140ms @ http://localhost:3000/_next/static/chunks/node_modules_next_dist_115brz8._.js:2431
[56196790ms] [LOG] [Fast Refresh] rebuilding @ http://localhost:3000/_next/static/chunks/node_modules_next_dist_115brz8._.js:2431
[56196824ms] [LOG] [Fast Refresh] done in 148ms @ http://localhost:3000/_next/static/chunks/node_modules_next_dist_115brz8._.js:2431
[56197037ms] [LOG] [Fast Refresh] rebuilding @ http://localhost:3000/_next/static/chunks/node_modules_next_dist_115brz8._.js:2431
[56197344ms] [LOG] [Fast Refresh] done in 414ms @ http://localhost:3000/_next/static/chunks/node_modules_next_dist_115brz8._.js:2431
[56197457ms] [LOG] [Fast Refresh] rebuilding @ http://localhost:3000/_next/static/chunks/node_modules_next_dist_115brz8._.js:2431
[56197825ms] [LOG] [Fast Refresh] done in 480ms @ http://localhost:3000/_next/static/chunks/node_modules_next_dist_115brz8._.js:2431
[56198072ms] [LOG] [Fast Refresh] rebuilding @ http://localhost:3000/_next/static/chunks/node_modules_next_dist_115brz8._.js:2431
[56198342ms] [LOG] [Fast Refresh] done in 373ms @ http://localhost:3000/_next/static/chunks/node_modules_next_dist_115brz8._.js:2431
[56198765ms] [LOG] [Fast Refresh] rebuilding @ http://localhost:3000/_next/static/chunks/node_modules_next_dist_115brz8._.js:2431
[56198784ms] [LOG] [Fast Refresh] done in 119ms @ http://localhost:3000/_next/static/chunks/node_modules_next_dist_115brz8._.js:2431
[56251295ms] [LOG] [Fast Refresh] rebuilding @ http://localhost:3000/_next/static/chunks/node_modules_next_dist_115brz8._.js:2431
[56251736ms] [LOG] [Fast Refresh] done in 541ms @ http://localhost:3000/_next/static/chunks/node_modules_next_dist_115brz8._.js:2431
[56344808ms] [LOG] [Fast Refresh] rebuilding @ http://localhost:3000/_next/static/chunks/node_modules_next_dist_115brz8._.js:2431
[56345124ms] [LOG] [Fast Refresh] done in 428ms @ http://localhost:3000/_next/static/chunks/node_modules_next_dist_115brz8._.js:2431
[56345464ms] [LOG] [Fast Refresh] rebuilding @ http://localhost:3000/_next/static/chunks/node_modules_next_dist_115brz8._.js:2431
[56346310ms] [LOG] [Fast Refresh] done in 956ms @ http://localhost:3000/_next/static/chunks/node_modules_next_dist_115brz8._.js:2431
[56346655ms] [LOG] [Fast Refresh] rebuilding @ http://localhost:3000/_next/static/chunks/node_modules_next_dist_115brz8._.js:2431
[56347121ms] [LOG] [Fast Refresh] done in 569ms @ http://localhost:3000/_next/static/chunks/node_modules_next_dist_115brz8._.js:2431
[56469793ms] [LOG] [Fast Refresh] rebuilding @ http://localhost:3000/_next/static/chunks/node_modules_next_dist_115brz8._.js:2431
[56470579ms] [LOG] [Fast Refresh] done in 843ms @ http://localhost:3000/_next/static/chunks/node_modules_next_dist_115brz8._.js:2431
[56470687ms] [LOG] [Fast Refresh] rebuilding @ http://localhost:3000/_next/static/chunks/node_modules_next_dist_115brz8._.js:2431
[56470972ms] [LOG] [Fast Refresh] done in 391ms @ http://localhost:3000/_next/static/chunks/node_modules_next_dist_115brz8._.js:2431
[56471287ms] [LOG] [Fast Refresh] rebuilding @ http://localhost:3000/_next/static/chunks/node_modules_next_dist_115brz8._.js:2431
[56471910ms] [LOG] [Fast Refresh] done in 733ms @ http://localhost:3000/_next/static/chunks/node_modules_next_dist_115brz8._.js:2431
[56503811ms] [LOG] [Fast Refresh] rebuilding @ http://localhost:3000/_next/static/chunks/node_modules_next_dist_115brz8._.js:2431
[56504103ms] [LOG] [Fast Refresh] done in 394ms @ http://localhost:3000/_next/static/chunks/node_modules_next_dist_115brz8._.js:2431
[56514765ms] [INFO] %cDownload the React DevTools for a better development experience: https://react.dev/link/react-devtools font-weight:bold @ http://localhost:3000/_next/static/chunks/node_modules_next_dist_115brz8._.js:2431
[56514885ms] [LOG] [HMR] connected @ http://localhost:3000/_next/static/chunks/node_modules_next_dist_115brz8._.js:2431
[56608600ms] [LOG] [Fast Refresh] rebuilding @ http://localhost:3000/_next/static/chunks/node_modules_next_dist_115brz8._.js:2431
[56608645ms] [LOG] [Fast Refresh] done in 156ms @ http://localhost:3000/_next/static/chunks/node_modules_next_dist_115brz8._.js:2431
[56608967ms] [INFO] %cDownload the React DevTools for a better development experience: https://react.dev/link/react-devtools font-weight:bold @ http://localhost:3000/_next/static/chunks/node_modules_next_dist_115brz8._.js:2431
[56609134ms] [LOG] [HMR] connected @ http://localhost:3000/_next/static/chunks/node_modules_next_dist_115brz8._.js:2431
[57444624ms] [LOG] [Fast Refresh] rebuilding @ http://localhost:3000/_next/static/chunks/node_modules_next_dist_115brz8._.js:2431
[57445401ms] [LOG] [Fast Refresh] done in 870ms @ http://localhost:3000/_next/static/chunks/node_modules_next_dist_115brz8._.js:2431
[57445515ms] [LOG] [Fast Refresh] rebuilding @ http://localhost:3000/_next/static/chunks/node_modules_next_dist_115brz8._.js:2431
[57445634ms] [LOG] [Fast Refresh] done in 232ms @ http://localhost:3000/_next/static/chunks/node_modules_next_dist_115brz8._.js:2431
[57465383ms] [LOG] [Fast Refresh] rebuilding @ http://localhost:3000/_next/static/chunks/node_modules_next_dist_115brz8._.js:2431
[57465558ms] [LOG] [Fast Refresh] done in 291ms @ http://localhost:3000/_next/static/chunks/node_modules_next_dist_115brz8._.js:2431
[57465675ms] [LOG] [Fast Refresh] rebuilding @ http://localhost:3000/_next/static/chunks/node_modules_next_dist_115brz8._.js:2431
[57465705ms] [LOG] [Fast Refresh] done in 143ms @ http://localhost:3000/_next/static/chunks/node_modules_next_dist_115brz8._.js:2431
[57476873ms] [LOG] [Fast Refresh] rebuilding @ http://localhost:3000/_next/static/chunks/node_modules_next_dist_115brz8._.js:2431
[57477029ms] [LOG] [Fast Refresh] done in 244ms @ http://localhost:3000/_next/static/chunks/node_modules_next_dist_115brz8._.js:2431
[57477142ms] [LOG] [Fast Refresh] rebuilding @ http://localhost:3000/_next/static/chunks/node_modules_next_dist_115brz8._.js:2431
[57477222ms] [LOG] [Fast Refresh] done in 188ms @ http://localhost:3000/_next/static/chunks/node_modules_next_dist_115brz8._.js:2431
[57500766ms] [LOG] [Fast Refresh] rebuilding @ http://localhost:3000/_next/static/chunks/node_modules_next_dist_115brz8._.js:2431
[57500997ms] [LOG] [Fast Refresh] done in 329ms @ http://localhost:3000/_next/static/chunks/node_modules_next_dist_115brz8._.js:2431
[57501107ms] [LOG] [Fast Refresh] rebuilding @ http://localhost:3000/_next/static/chunks/node_modules_next_dist_115brz8._.js:2431
[57501213ms] [LOG] [Fast Refresh] done in 209ms @ http://localhost:3000/_next/static/chunks/node_modules_next_dist_115brz8._.js:2431
[57646307ms] [LOG] [Fast Refresh] rebuilding @ http://localhost:3000/_next/static/chunks/node_modules_next_dist_115brz8._.js:2431
[57646378ms] [LOG] [Fast Refresh] done in 124ms @ http://localhost:3000/_next/static/chunks/node_modules_next_dist_115brz8._.js:2431
[57655458ms] [LOG] [Fast Refresh] rebuilding @ http://localhost:3000/_next/static/chunks/node_modules_next_dist_115brz8._.js:2431
[57655459ms] [LOG] [Fast Refresh] done in 103ms @ http://localhost:3000/_next/static/chunks/node_modules_next_dist_115brz8._.js:2431
[57663990ms] [LOG] [Fast Refresh] rebuilding @ http://localhost:3000/_next/static/chunks/node_modules_next_dist_115brz8._.js:2431
[57664467ms] [LOG] [Fast Refresh] done in 529ms @ http://localhost:3000/_next/static/chunks/node_modules_next_dist_115brz8._.js:2431
[57664571ms] [LOG] [Fast Refresh] rebuilding @ http://localhost:3000/_next/static/chunks/node_modules_next_dist_115brz8._.js:2431
[57664837ms] [LOG] [Fast Refresh] done in 367ms @ http://localhost:3000/_next/static/chunks/node_modules_next_dist_115brz8._.js:2431
[57669603ms] [LOG] [Fast Refresh] rebuilding @ http://localhost:3000/_next/static/chunks/node_modules_next_dist_115brz8._.js:2431
[57669852ms] [LOG] [Fast Refresh] done in 359ms @ http://localhost:3000/_next/static/chunks/node_modules_next_dist_115brz8._.js:2431
[57670004ms] [LOG] [Fast Refresh] rebuilding @ http://localhost:3000/_next/static/chunks/node_modules_next_dist_115brz8._.js:2431
[57670115ms] [LOG] [Fast Refresh] done in 221ms @ http://localhost:3000/_next/static/chunks/node_modules_next_dist_115brz8._.js:2431
[57684443ms] [LOG] [Fast Refresh] rebuilding @ http://localhost:3000/_next/static/chunks/node_modules_next_dist_115brz8._.js:2431
[57684655ms] [LOG] [Fast Refresh] done in 284ms @ http://localhost:3000/_next/static/chunks/node_modules_next_dist_115brz8._.js:2431
[57684757ms] [LOG] [Fast Refresh] rebuilding @ http://localhost:3000/_next/static/chunks/node_modules_next_dist_115brz8._.js:2431
[57685044ms] [LOG] [Fast Refresh] done in 388ms @ http://localhost:3000/_next/static/chunks/node_modules_next_dist_115brz8._.js:2431
[57692674ms] [LOG] [Fast Refresh] rebuilding @ http://localhost:3000/_next/static/chunks/node_modules_next_dist_115brz8._.js:2431
[57693356ms] [LOG] [Fast Refresh] done in 790ms @ http://localhost:3000/_next/static/chunks/node_modules_next_dist_115brz8._.js:2431
[57693469ms] [LOG] [Fast Refresh] rebuilding @ http://localhost:3000/_next/static/chunks/node_modules_next_dist_115brz8._.js:2431
[57693636ms] [LOG] [Fast Refresh] done in 273ms @ http://localhost:3000/_next/static/chunks/node_modules_next_dist_115brz8._.js:2431
[57732699ms] [LOG] [Fast Refresh] rebuilding @ http://localhost:3000/_next/static/chunks/node_modules_next_dist_115brz8._.js:2431
[57733159ms] [LOG] [Fast Refresh] done in 561ms @ http://localhost:3000/_next/static/chunks/node_modules_next_dist_115brz8._.js:2431
[57733348ms] [LOG] [Fast Refresh] rebuilding @ http://localhost:3000/_next/static/chunks/node_modules_next_dist_115brz8._.js:2431
[57733541ms] [LOG] [Fast Refresh] done in 298ms @ http://localhost:3000/_next/static/chunks/node_modules_next_dist_115brz8._.js:2431
[57733725ms] [LOG] [Fast Refresh] rebuilding @ http://localhost:3000/_next/static/chunks/node_modules_next_dist_115brz8._.js:2431
[57733896ms] [LOG] [Fast Refresh] done in 287ms @ http://localhost:3000/_next/static/chunks/node_modules_next_dist_115brz8._.js:2431
[57734084ms] [LOG] [Fast Refresh] rebuilding @ http://localhost:3000/_next/static/chunks/node_modules_next_dist_115brz8._.js:2431
[57734391ms] [LOG] [Fast Refresh] done in 422ms @ http://localhost:3000/_next/static/chunks/node_modules_next_dist_115brz8._.js:2431
[57734644ms] [LOG] [Fast Refresh] rebuilding @ http://localhost:3000/_next/static/chunks/node_modules_next_dist_115brz8._.js:2431
[57735000ms] [LOG] [Fast Refresh] done in 462ms @ http://localhost:3000/_next/static/chunks/node_modules_next_dist_115brz8._.js:2431
[57735234ms] [LOG] [Fast Refresh] rebuilding @ http://localhost:3000/_next/static/chunks/node_modules_next_dist_115brz8._.js:2431
[57736753ms] [LOG] [Fast Refresh] done in 1627ms @ http://localhost:3000/_next/static/chunks/node_modules_next_dist_115brz8._.js:2431
[57737050ms] [LOG] [Fast Refresh] rebuilding @ http://localhost:3000/_next/static/chunks/node_modules_next_dist_115brz8._.js:2431
[57737483ms] [LOG] [Fast Refresh] done in 540ms @ http://localhost:3000/_next/static/chunks/node_modules_next_dist_115brz8._.js:2431
[57737727ms] [LOG] [Fast Refresh] rebuilding @ http://localhost:3000/_next/static/chunks/node_modules_next_dist_115brz8._.js:2431
[57738374ms] [LOG] [Fast Refresh] done in 765ms @ http://localhost:3000/_next/static/chunks/node_modules_next_dist_115brz8._.js:2431
[57739496ms] [LOG] [Fast Refresh] rebuilding @ http://localhost:3000/_next/static/chunks/node_modules_next_dist_115brz8._.js:2431
[57740282ms] [LOG] [Fast Refresh] done in 888ms @ http://localhost:3000/_next/static/chunks/node_modules_next_dist_115brz8._.js:2431
[57803904ms] [LOG] [Fast Refresh] rebuilding @ http://localhost:3000/_next/static/chunks/node_modules_next_dist_115brz8._.js:2431
[57804020ms] [LOG] [Fast Refresh] done in 216ms @ http://localhost:3000/_next/static/chunks/node_modules_next_dist_115brz8._.js:2431
[57804743ms] [INFO] %cDownload the React DevTools for a better development experience: https://react.dev/link/react-devtools font-weight:bold @ http://localhost:3000/_next/static/chunks/node_modules_next_dist_115brz8._.js:2431
[57805206ms] [LOG] [HMR] connected @ http://localhost:3000/_next/static/chunks/node_modules_next_dist_115brz8._.js:2431
[58002311ms] [LOG] [Fast Refresh] rebuilding @ http://localhost:3000/_next/static/chunks/node_modules_next_dist_115brz8._.js:2431
[58002392ms] [LOG] [Fast Refresh] done in 184ms @ http://localhost:3000/_next/static/chunks/node_modules_next_dist_115brz8._.js:2431
[58030767ms] [INFO] %cDownload the React DevTools for a better development experience: https://react.dev/link/react-devtools font-weight:bold @ http://localhost:3000/_next/static/chunks/node_modules_next_dist_115brz8._.js:2431
[58030896ms] [LOG] [HMR] connected @ http://localhost:3000/_next/static/chunks/node_modules_next_dist_115brz8._.js:2431
[58217000ms] [LOG] [Fast Refresh] rebuilding @ http://localhost:3000/_next/static/chunks/node_modules_next_dist_115brz8._.js:2431
[58217020ms] [LOG] [Fast Refresh] done in 133ms @ http://localhost:3000/_next/static/chunks/node_modules_next_dist_115brz8._.js:2431
[58222239ms] [INFO] %cDownload the React DevTools for a better development experience: https://react.dev/link/react-devtools font-weight:bold @ http://localhost:3000/_next/static/chunks/node_modules_next_dist_115brz8._.js:2431
[58222551ms] [LOG] [HMR] connected @ http://localhost:3000/_next/static/chunks/node_modules_next_dist_115brz8._.js:2431
[58414432ms] [LOG] [Fast Refresh] rebuilding @ http://localhost:3000/_next/static/chunks/node_modules_next_dist_115brz8._.js:2431
[58414546ms] [LOG] [Fast Refresh] done in 235ms @ http://localhost:3000/_next/static/chunks/node_modules_next_dist_115brz8._.js:2431
[58420797ms] [INFO] %cDownload the React DevTools for a better development experience: https://react.dev/link/react-devtools font-weight:bold @ http://localhost:3000/_next/static/chunks/node_modules_next_dist_115brz8._.js:2431
[58420898ms] [LOG] [HMR] connected @ http://localhost:3000/_next/static/chunks/node_modules_next_dist_115brz8._.js:2431
[58550961ms] [LOG] [Fast Refresh] rebuilding @ http://localhost:3000/_next/static/chunks/node_modules_next_dist_115brz8._.js:2431
[58550962ms] [LOG] [Fast Refresh] done in 113ms @ http://localhost:3000/_next/static/chunks/node_modules_next_dist_115brz8._.js:2431
[58557830ms] [INFO] %cDownload the React DevTools for a better development experience: https://react.dev/link/react-devtools font-weight:bold @ http://localhost:3000/_next/static/chunks/node_modules_next_dist_115brz8._.js:2431
[58557938ms] [LOG] [HMR] connected @ http://localhost:3000/_next/static/chunks/node_modules_next_dist_115brz8._.js:2431
[58717977ms] [LOG] [Fast Refresh] rebuilding @ http://localhost:3000/_next/static/chunks/node_modules_next_dist_115brz8._.js:2431
[58717979ms] [LOG] [Fast Refresh] done in 114ms @ http://localhost:3000/_next/static/chunks/node_modules_next_dist_115brz8._.js:2431
[58856148ms] [LOG] [Fast Refresh] rebuilding @ http://localhost:3000/_next/static/chunks/node_modules_next_dist_115brz8._.js:2431
[58856232ms] [LOG] [Fast Refresh] done in 182ms @ http://localhost:3000/_next/static/chunks/node_modules_next_dist_115brz8._.js:2431
[58856334ms] [LOG] [Fast Refresh] rebuilding @ http://localhost:3000/_next/static/chunks/node_modules_next_dist_115brz8._.js:2431
[58856385ms] [LOG] [Fast Refresh] done in 152ms @ http://localhost:3000/_next/static/chunks/node_modules_next_dist_115brz8._.js:2431
[58862197ms] [LOG] [Fast Refresh] rebuilding @ http://localhost:3000/_next/static/chunks/node_modules_next_dist_115brz8._.js:2431
[58862208ms] [LOG] [Fast Refresh] done in 100ms @ http://localhost:3000/_next/static/chunks/node_modules_next_dist_115brz8._.js:2431
[58862313ms] [LOG] [Fast Refresh] rebuilding @ http://localhost:3000/_next/static/chunks/node_modules_next_dist_115brz8._.js:2431
[58862349ms] [LOG] [Fast Refresh] done in 140ms @ http://localhost:3000/_next/static/chunks/node_modules_next_dist_115brz8._.js:2431
[58892894ms] [LOG] [Fast Refresh] rebuilding @ http://localhost:3000/_next/static/chunks/node_modules_next_dist_115brz8._.js:2431
[58893447ms] [LOG] [Fast Refresh] done in 642ms @ http://localhost:3000/_next/static/chunks/node_modules_next_dist_115brz8._.js:2431
[58893565ms] [LOG] [Fast Refresh] rebuilding @ http://localhost:3000/_next/static/chunks/node_modules_next_dist_115brz8._.js:2431
[58893853ms] [LOG] [Fast Refresh] done in 401ms @ http://localhost:3000/_next/static/chunks/node_modules_next_dist_115brz8._.js:2431
[58930415ms] [LOG] [Fast Refresh] rebuilding @ http://localhost:3000/_next/static/chunks/node_modules_next_dist_115brz8._.js:2431
[58930678ms] [LOG] [Fast Refresh] done in 361ms @ http://localhost:3000/_next/static/chunks/node_modules_next_dist_115brz8._.js:2431
[58930804ms] [LOG] [Fast Refresh] rebuilding @ http://localhost:3000/_next/static/chunks/node_modules_next_dist_115brz8._.js:2431
[58930866ms] [LOG] [Fast Refresh] done in 177ms @ http://localhost:3000/_next/static/chunks/node_modules_next_dist_115brz8._.js:2431
[58970290ms] [LOG] [Fast Refresh] rebuilding @ http://localhost:3000/_next/static/chunks/node_modules_next_dist_115brz8._.js:2431
[58970655ms] [LOG] [Fast Refresh] done in 479ms @ http://localhost:3000/_next/static/chunks/node_modules_next_dist_115brz8._.js:2431
[58971286ms] [LOG] [Fast Refresh] rebuilding @ http://localhost:3000/_next/static/chunks/node_modules_next_dist_115brz8._.js:2431
[58971334ms] [LOG] [Fast Refresh] done in 152ms @ http://localhost:3000/_next/static/chunks/node_modules_next_dist_115brz8._.js:2431
[58971691ms] [LOG] [Fast Refresh] rebuilding @ http://localhost:3000/_next/static/chunks/node_modules_next_dist_115brz8._.js:2431
[58971709ms] [LOG] [Fast Refresh] done in 131ms @ http://localhost:3000/_next/static/chunks/node_modules_next_dist_115brz8._.js:2431
[58985599ms] [INFO] %cDownload the React DevTools for a better development experience: https://react.dev/link/react-devtools font-weight:bold @ http://localhost:3000/_next/static/chunks/node_modules_next_dist_115brz8._.js:2431
[58985663ms] [LOG] [HMR] connected @ http://localhost:3000/_next/static/chunks/node_modules_next_dist_115brz8._.js:2431
[59179679ms] [LOG] [Fast Refresh] rebuilding @ http://localhost:3000/_next/static/chunks/node_modules_next_dist_115brz8._.js:2431
[59179680ms] [LOG] [Fast Refresh] done in 102ms @ http://localhost:3000/_next/static/chunks/node_modules_next_dist_115brz8._.js:2431
[59184167ms] [LOG] [Fast Refresh] rebuilding @ http://localhost:3000/_next/static/chunks/node_modules_next_dist_115brz8._.js:2431
[59184294ms] [LOG] [Fast Refresh] done in 232ms @ http://localhost:3000/_next/static/chunks/node_modules_next_dist_115brz8._.js:2431
[59184831ms] [INFO] %cDownload the React DevTools for a better development experience: https://react.dev/link/react-devtools font-weight:bold @ http://localhost:3000/_next/static/chunks/node_modules_next_dist_115brz8._.js:2431
[59185085ms] [LOG] [HMR] connected @ http://localhost:3000/_next/static/chunks/node_modules_next_dist_115brz8._.js:2431
[62605128ms] [LOG] [Fast Refresh] rebuilding @ http://localhost:3000/_next/static/chunks/node_modules_next_dist_115brz8._.js:2431
[62607531ms] [LOG] [Fast Refresh] done in 2514ms @ http://localhost:3000/_next/static/chunks/node_modules_next_dist_115brz8._.js:2431
[62670680ms] [LOG] [Fast Refresh] rebuilding @ http://localhost:3000/_next/static/chunks/node_modules_next_dist_115brz8._.js:2431
[62670926ms] [LOG] [Fast Refresh] done in 528ms @ http://localhost:3000/_next/static/chunks/node_modules_next_dist_115brz8._.js:2431
